Date,^FVX,^IRX,^TNX,^TYX
2015-05-19,1.584,0.01,2.26,3.0380001
2015-05-20,1.553,0.013,2.25,3.053
2015-05-21,1.51,0.013,2.19,2.9779999
2015-05-22,1.562,0.01,2.22,2.9860001
2015-05-26,1.524,0.01,2.14,2.892
2015-05-27,1.532,0.013,2.13,2.875
2015-05-28,1.507,0.003,2.13,2.885
2015-05-29,1.467,0.003,2.1,2.8469999
2015-06-01,1.556,0.008,2.19,2.951
2015-06-02,1.608,0.01,2.27,3.0209999
2015-06-03,1.685,0.01,2.37,3.1070001
2015-06-04,1.641,0.005,2.31,3.0339999
2015-06-05,1.74,0.01,2.4,3.1110001
2015-06-08,1.707,0.01,2.38,3.1040001
2015-06-09,1.735,0.013,2.42,3.151
2015-06-10,1.789,0.013,2.48,3.2090001
2015-06-11,1.726,0.008,2.38,3.105
2015-06-12,1.734,0.005,2.38,3.099
2015-06-15,1.7,0.003,2.36,3.0899999
2015-06-16,1.668,0.008,2.32,3.053
2015-06-17,1.622,0.003,2.31,3.072
2015-06-18,1.64,0.003,2.35,3.141
2015-06-19,1.578,0.003,2.27,3.056
2015-06-22,1.654,0.003,2.36,3.1530001
2015-06-23,1.694,0.008,2.41,3.2
2015-06-24,1.666,0.005,2.37,3.1459999
2015-06-25,1.704,0.005,2.39,3.1559999
2015-06-26,1.755,0.005,2.48,3.25
2015-06-29,1.625,0.005,2.33,3.099
2015-06-30,1.628,0.01,2.34,3.1040001
2015-07-01,1.702,0.003,2.42,3.1949999
2015-07-02,1.645,0.003,2.39,3.1919999
2015-07-06,1.548,0.005,2.28,3.0710001
2015-07-07,1.52,0.01,2.23,3.0150001
2015-07-08,1.493,0.01,2.21,2.9860001
2015-07-09,1.569,0.008,2.3,3.099
2015-07-10,1.678,0.008,2.42,3.2090001
2015-07-13,1.698,0.008,2.43,3.207
2015-07-14,1.661,0.01,2.4,3.1900001
2015-07-15,1.623,0.013,2.35,3.1340001
2015-07-16,1.651,0.01,2.35,3.115
2015-07-17,1.67,0.013,2.35,3.0829999
2015-07-20,1.704,0.023,2.37,3.1059999
2015-07-21,1.666,0.03,2.34,3.0799999
2015-07-22,1.668,0.03,2.32,3.0369999
2015-07-23,1.638,0.03,2.28,2.9779999
2015-07-24,1.623,0.03,2.27,2.97
2015-07-27,1.572,0.028,2.23,2.9449999
2015-07-28,1.587,0.043,2.25,2.9630001
2015-07-29,1.608,0.045,2.28,2.9879999
2015-07-30,1.623,0.06,2.27,2.954
2015-07-31,1.548,0.058,2.21,2.927
2015-08-03,1.514,0.063,2.15,2.8610001
2015-08-04,1.592,0.075,2.21,2.8870001
2015-08-05,1.643,0.075,2.27,2.9430001
2015-08-06,1.614,0.028,2.23,2.9070001
2015-08-07,1.582,0.055,2.17,2.8280001
2015-08-10,1.62,0.065,2.24,2.9030001
2015-08-11,1.525,0.098,2.14,2.8050001
2015-08-12,1.504,0.09,2.13,2.819
2015-08-13,1.574,0.083,2.19,2.8570001
2015-08-14,1.597,0.08,2.2,2.8410001
2015-08-17,1.553,0.06,2.15,2.8010001
2015-08-18,1.581,0.085,2.2,2.8629999
2015-08-19,1.5,0.04,2.13,2.819
2015-08-20,1.488,0.015,2.08,2.7539999
2015-08-21,1.439,0.02,2.05,2.747
2015-08-24,1.364,0.015,2.0,2.7179999
2015-08-25,1.48,0.053,2.13,2.8540001
2015-08-26,1.473,0.055,2.17,2.9319999
2015-08-27,1.484,0.05,2.17,2.902
2015-08-28,1.525,0.05,2.19,2.9089999
2015-08-31,1.541,0.003,2.2,2.931
2015-09-01,1.504,0.038,2.17,2.9319999
2015-09-02,1.52,0.025,2.19,2.9649999
2015-09-03,1.488,0.015,2.17,2.948
2015-09-04,1.465,0.025,2.13,2.8900001
2015-09-08,1.522,0.025,2.19,2.97
2015-09-09,1.516,0.035,2.18,2.9430001
2015-09-10,1.545,0.015,2.22,2.9879999
2015-09-11,1.506,0.023,2.18,2.9430001
2015-09-14,1.51,0.025,2.18,2.947
2015-09-15,1.601,0.058,2.28,3.062
2015-09-16,1.612,0.053,2.3,3.092
2015-09-17,1.502,0.003,2.22,3.0339999
2015-09-18,1.437,0.01,2.13,2.9289999
2015-09-21,1.502,0.013,2.21,3.0350001
2015-09-22,1.424,0.003,2.13,2.9319999
2015-09-23,1.439,0.003,2.14,2.941
2015-09-24,1.445,0.005,2.12,2.902
2015-09-25,1.479,0.02,2.17,2.96
2015-09-28,1.419,0.013,2.1,2.8699999
2015-09-29,1.375,0.003,2.05,2.855
2015-09-30,1.375,0.005,2.06,2.8800001
2015-10-01,1.37,0.018,2.04,2.852
2015-10-02,1.286,0.008,1.99,2.826
2015-10-05,1.346,0.008,2.06,2.898
2015-10-06,1.331,0.005,2.04,2.8729999
2015-10-07,1.365,0.005,2.06,2.8859999
2015-10-08,1.398,0.003,2.11,2.9460001
2015-10-09,1.406,0.003,2.1,2.927
2015-10-12,1.4,0.01,2.09,2.921
2015-10-13,1.362,0.005,2.06,2.8970001
2015-10-14,1.28,0.01,1.98,2.839
2015-10-15,1.333,0.005,2.02,2.8729999
2015-10-16,1.346,0.005,2.02,2.8640001
2015-10-19,1.346,0.005,2.03,2.8840001
2015-10-20,1.388,0.01,2.07,2.9230001
2015-10-21,1.359,0.005,2.03,2.8710001
2015-10-22,1.345,0.005,2.03,2.8599999
2015-10-23,1.415,0.003,2.08,2.8959999
2015-10-26,1.398,0.008,2.06,2.8670001
2015-10-27,1.357,0.01,2.03,2.8510001
2015-10-28,1.459,0.035,2.09,2.8629999
2015-10-29,1.532,0.053,2.17,2.9649999
2015-10-30,1.528,0.068,2.15,2.9330001
2015-11-02,1.564,0.053,2.19,2.957
2015-11-03,1.594,0.058,2.22,3.0009999
2015-11-04,1.637,0.055,2.23,2.994
2015-11-05,1.646,0.04,2.25,3.013
2015-11-06,1.739,0.073,2.33,3.089
2015-11-09,1.736,0.075,2.34,3.1059999
2015-11-10,1.703,0.125,2.32,3.0940001
2015-11-11,1.718,0.123,2.34,3.1099999
2015-11-12,1.718,0.123,2.32,3.092
2015-11-13,1.67,0.113,2.28,3.0580001
2015-11-16,1.652,0.098,2.27,3.072
2015-11-17,1.654,0.135,2.26,3.0469999
2015-11-18,1.676,0.123,2.27,3.0409999
2015-11-19,1.671,0.088,2.25,3.003
2015-11-20,1.686,0.093,2.26,3.0179999
2015-11-23,1.681,0.105,2.25,3.007
2015-11-24,1.668,0.153,2.24,3.006
2015-11-25,1.664,0.175,2.23,2.9949999
2015-11-27,1.653,0.16,2.23,3.0009999
2015-11-30,1.654,0.17,2.22,2.99
2015-12-01,1.596,0.203,2.15,2.918
2015-12-02,1.635,0.2,2.18,2.9070001
2015-12-03,1.743,0.198,2.33,3.075
2015-12-04,1.712,0.205,2.28,3.01
2015-12-07,1.674,0.235,2.23,2.951
2015-12-08,1.678,0.268,2.24,2.9749999
2015-12-09,1.633,0.245,2.21,2.9590001
2015-12-10,1.681,0.23,2.24,2.9749999
2015-12-11,1.571,0.213,2.14,2.8789999
2015-12-14,1.651,0.198,2.23,2.9619999
2015-12-15,1.694,0.25,2.27,2.993
2015-12-16,1.737,0.235,2.29,3.003
2015-12-17,1.721,0.213,2.24,2.9360001
2015-12-18,1.676,0.175,2.2,2.9100001
2015-12-21,1.666,0.153,2.2,2.9260001
2015-12-22,1.706,0.193,2.24,2.964
2015-12-23,1.724,0.19,2.26,2.9979999
2015-12-24,1.718,0.183,2.24,2.964
2015-12-28,1.716,0.19,2.23,2.9400001
2015-12-29,1.783,0.215,2.31,3.0409999
2015-12-30,1.799,0.195,2.3,3.0420001
2015-12-31,1.758,0.148,2.27,3.0150001
2016-01-04,1.735,0.155,2.25,2.99
2016-01-05,1.724,0.205,2.25,3.0109999
2016-01-06,1.65,0.205,2.18,2.9400001
2016-01-07,1.612,0.19,2.15,2.9260001
2016-01-08,1.578,0.19,2.13,2.9200001
2016-01-11,1.576,0.175,2.16,2.9560001
2016-01-12,1.537,0.21,2.1,2.882
2016-01-13,1.509,0.215,2.07,2.848
2016-01-14,1.519,0.24,2.1,2.892
2016-01-15,1.453,0.223,2.03,2.813
2016-01-19,1.471,0.23,2.04,2.8039999
2016-01-20,1.417,0.253,1.98,2.757
2016-01-21,1.434,0.273,2.02,2.7969999
2016-01-22,1.475,0.288,2.05,2.8199999
2016-01-25,1.46,0.275,2.02,2.802
2016-01-26,1.427,0.3,1.99,2.7809999
2016-01-27,1.42,0.3,2.0,2.79
2016-01-28,1.401,0.318,1.99,2.7909999
2016-01-29,1.335,0.3,1.93,2.7579999
2016-02-01,1.383,0.295,1.97,2.7809999
2016-02-02,1.281,0.33,1.86,2.6789999
2016-02-03,1.273,0.333,1.88,2.7049999
2016-02-04,1.25,0.283,1.86,2.7
2016-02-05,1.25,0.278,1.85,2.6819999
2016-02-08,1.15,0.26,1.74,2.5599999
2016-02-09,1.155,0.3,1.73,2.5550001
2016-02-10,1.146,0.298,1.71,2.529
2016-02-11,1.108,0.273,1.64,2.5039999
2016-02-12,1.199,0.27,1.75,2.605
2016-02-16,1.219,0.273,1.78,2.642
2016-02-17,1.264,0.293,1.82,2.6860001
2016-02-18,1.213,0.288,1.76,2.632
2016-02-19,1.226,0.283,1.75,2.605
2016-02-22,1.242,0.293,1.77,2.619
2016-02-23,1.218,0.318,1.75,2.5969999
2016-02-24,1.215,0.315,1.74,2.5969999
2016-02-25,1.151,0.31,1.7,2.5739999
2016-02-26,1.24,0.303,1.76,2.6359999
2016-02-29,1.22,0.308,1.74,2.615
2016-03-01,1.318,0.32,1.83,2.7030001
2016-03-02,1.347,0.303,1.85,2.6919999
2016-03-03,1.331,0.263,1.83,2.6600001
2016-03-04,1.384,0.265,1.88,2.7030001
2016-03-07,1.417,0.265,1.9,2.7019999
2016-03-08,1.35,0.305,1.83,2.6359999
2016-03-09,1.393,0.288,1.89,2.6830001
2016-03-10,1.442,0.303,1.93,2.6989999
2016-03-11,1.482,0.308,1.98,2.7479999
2016-03-14,1.478,0.308,1.96,2.7309999
2016-03-15,1.488,0.325,1.96,2.7219999
2016-03-16,1.408,0.3,1.94,2.7360001
2016-03-17,1.379,0.275,1.9,2.694
2016-03-18,1.335,0.28,1.87,2.6730001
2016-03-21,1.379,0.288,1.92,2.73
2016-03-22,1.409,0.295,1.94,2.7190001
2016-03-23,1.352,0.293,1.88,2.6489999
2016-03-24,1.379,0.275,1.9,2.6719999
2016-03-28,1.354,0.255,1.87,2.6440001
2016-03-29,1.278,0.225,1.81,2.6110001
2016-03-30,1.269,0.185,1.83,2.6570001
2016-03-31,1.224,0.193,1.79,2.6199999
2016-04-01,1.242,0.218,1.79,2.6199999
2016-04-04,1.224,0.183,1.78,2.6110001
2016-04-05,1.184,0.218,1.73,2.549
2016-04-06,1.2,0.22,1.76,2.5829999
2016-04-07,1.14,0.22,1.69,2.516
2016-04-08,1.159,0.218,1.72,2.556
2016-04-11,1.158,0.21,1.72,2.562
2016-04-12,1.213,0.23,1.78,2.6070001
2016-04-13,1.211,0.223,1.76,2.5769999
2016-04-14,1.239,0.215,1.78,2.596
2016-04-15,1.209,0.21,1.75,2.562
2016-04-18,1.227,0.198,1.77,2.586
2016-04-19,1.25,0.215,1.78,2.595
2016-04-20,1.322,0.218,1.85,2.6600001
2016-04-21,1.339,0.225,1.87,2.691
2016-04-22,1.357,0.225,1.89,2.704
2016-04-25,1.37,0.238,1.9,2.724
2016-04-26,1.395,0.245,1.93,2.756
2016-04-27,1.336,0.245,1.86,2.698
2016-04-28,1.3,0.21,1.84,2.694
2016-04-29,1.279,0.193,1.82,2.6659999
2016-05-02,1.32,0.185,1.87,2.7179999
2016-05-03,1.257,0.203,1.8,2.6600001
2016-05-04,1.241,0.198,1.78,2.641
2016-05-05,1.208,0.183,1.75,2.6059999
2016-05-06,1.235,0.18,1.78,2.628
2016-05-09,1.201,0.203,1.76,2.6210001
2016-05-10,1.206,0.243,1.76,2.615
2016-05-11,1.2,0.248,1.74,2.582
2016-05-12,1.24,0.258,1.76,2.612
2016-05-13,1.209,0.258,1.71,2.553
2016-05-16,1.262,0.258,1.75,2.5969999
2016-05-17,1.284,0.268,1.76,2.5869999
2016-05-18,1.408,0.27,1.88,2.684
2016-05-19,1.373,0.29,1.85,2.635
2016-05-20,1.372,0.298,1.85,2.6389999
2016-05-23,1.373,0.313,1.84,2.631
2016-05-24,1.396,0.343,1.86,2.6429999
2016-05-25,1.405,0.315,1.87,2.6700001
2016-05-26,1.343,0.275,1.82,2.6289999
2016-05-27,1.386,0.298,1.85,2.6500001
2016-05-31,1.359,0.283,1.83,2.6289999
2016-06-01,1.385,0.295,1.85,2.6270001
2016-06-02,1.36,0.27,1.81,2.585
2016-06-03,1.232,0.27,1.7,2.517
2016-06-06,1.237,0.25,1.72,2.5450001
2016-06-07,1.229,0.265,1.71,2.5339999
2016-06-08,1.234,0.235,1.71,2.513
2016-06-09,1.213,0.24,1.68,2.4809999
2016-06-10,1.166,0.24,1.64,2.447
2016-06-13,1.131,0.245,1.62,2.434
2016-06-14,1.131,0.263,1.61,2.425
2016-06-15,1.099,0.255,1.6,2.4230001
2016-06-16,1.078,0.245,1.56,2.3829999
2016-06-17,1.121,0.248,1.62,2.4319999
2016-06-20,1.163,0.248,1.67,2.473
2016-06-21,1.194,0.265,1.7,2.497
2016-06-22,1.203,0.268,1.69,2.4949999
2016-06-23,1.254,0.275,1.74,2.556
2016-06-24,1.094,0.238,1.58,2.4300001
2016-06-27,1.001,0.235,1.46,2.279
2016-06-28,1.001,0.26,1.46,2.2750001
2016-06-29,1.024,0.255,1.48,2.28
2016-06-30,1.011,0.248,1.49,2.3069999
2016-07-01,1.004,0.243,1.46,2.2409999
2016-07-05,0.938,0.238,1.37,2.138
2016-07-06,0.962,0.263,1.39,2.152
2016-07-07,0.959,0.27,1.39,2.1400001
2016-07-08,0.952,0.273,1.37,2.1099999
2016-07-11,1.025,0.275,1.43,2.1500001
2016-07-12,1.083,0.295,1.51,2.2309999
2016-07-13,1.055,0.298,1.47,2.177
2016-07-14,1.091,0.303,1.53,2.247
2016-07-15,1.145,0.298,1.59,2.302
2016-07-18,1.13,0.288,1.59,2.302
2016-07-19,1.112,0.31,1.56,2.2739999
2016-07-20,1.138,0.315,1.58,2.2969999
2016-07-21,1.102,0.303,1.57,2.3010001
2016-07-22,1.12,0.303,1.57,2.2909999
2016-07-25,1.136,0.298,1.57,2.2869999
2016-07-26,1.138,0.308,1.56,2.28
2016-07-27,1.101,0.283,1.52,2.2279999
2016-07-28,1.094,0.22,1.51,2.2290001
2016-07-29,1.033,0.24,1.46,2.1819999
2016-08-01,1.053,0.238,1.5,2.234
2016-08-02,1.075,0.28,1.54,2.2869999
2016-08-03,1.07,0.268,1.54,2.293
2016-08-04,1.028,0.248,1.5,2.2550001
2016-08-05,1.13,0.25,1.58,2.3099999
2016-08-08,1.138,0.25,1.58,2.299
2016-08-09,1.107,0.293,1.55,2.257
2016-08-10,1.07,0.273,1.51,2.227
2016-08-11,1.151,0.275,1.57,2.2850001
2016-08-12,1.101,0.263,1.52,2.2349999
2016-08-15,1.13,0.275,1.55,2.276
2016-08-16,1.158,0.288,1.58,2.2980001
2016-08-17,1.148,0.288,1.56,2.273
2016-08-18,1.114,0.285,1.54,2.2590001
2016-08-19,1.163,0.293,1.58,2.2850001
2016-08-22,1.133,0.28,1.54,2.2360001
2016-08-23,1.143,0.305,1.55,2.2360001
2016-08-24,1.143,0.305,1.56,2.243
2016-08-25,1.157,0.305,1.58,2.2639999
2016-08-26,1.241,0.305,1.64,2.296
2016-08-29,1.177,0.305,1.57,2.2160001
2016-08-30,1.182,0.325,1.57,2.234
2016-08-31,1.18,0.32,1.57,2.2309999
2016-09-01,1.182,0.315,1.57,2.23
2016-09-02,1.19,0.303,1.6,2.2709999
2016-09-06,1.122,0.303,1.54,2.24
2016-09-07,1.123,0.33,1.54,2.237
2016-09-08,1.19,0.333,1.62,2.323
2016-09-09,1.223,0.333,1.67,2.3900001
2016-09-12,1.203,0.35,1.67,2.395
2016-09-13,1.254,0.345,1.73,2.471
2016-09-14,1.198,0.315,1.69,2.444
2016-09-15,1.189,0.278,1.7,2.473
2016-09-16,1.21,0.273,1.7,2.451
2016-09-19,1.207,0.238,1.7,2.444
2016-09-20,1.2,0.288,1.69,2.4289999
2016-09-21,1.2,0.223,1.67,2.398
2016-09-22,1.174,0.16,1.63,2.3540001
2016-09-23,1.153,0.165,1.62,2.3399999
2016-09-26,1.127,0.173,1.59,2.326
2016-09-27,1.112,0.255,1.56,2.279
2016-09-28,1.13,0.263,1.57,2.2880001
2016-09-29,1.115,0.235,1.56,2.2750001
2016-09-30,1.156,0.26,1.61,2.336
2016-10-03,1.183,0.288,1.62,2.335
2016-10-04,1.227,0.315,1.68,2.4059999
2016-10-05,1.256,0.313,1.72,2.4360001
2016-10-06,1.283,0.31,1.74,2.46
2016-10-07,1.27,0.31,1.74,2.4679999
2016-10-11,1.294,0.32,1.76,2.493
2016-10-12,1.304,0.34,1.78,2.5079999
2016-10-13,1.254,0.275,1.74,2.474
2016-10-14,1.282,0.29,1.79,2.5550001
2016-10-17,1.256,0.295,1.77,2.523
2016-10-18,1.234,0.333,1.75,2.5120001
2016-10-19,1.234,0.323,1.75,2.516
2016-10-20,1.243,0.32,1.75,2.4990001
2016-10-21,1.245,0.315,1.74,2.4920001
2016-10-24,1.269,0.313,1.76,2.516
2016-10-25,1.276,0.325,1.76,2.5009999
2016-10-26,1.302,0.313,1.79,2.536
2016-10-27,1.338,0.275,1.84,2.6010001
2016-10-28,1.323,0.273,1.85,2.6159999
2016-10-31,1.313,0.295,1.83,2.589
2016-11-01,1.286,0.345,1.82,2.5710001
2016-11-02,1.261,0.345,1.8,2.563
2016-11-03,1.263,0.358,1.81,2.5999999
2016-11-04,1.244,0.358,1.78,2.5710001
2016-11-07,1.291,0.39,1.83,2.602
2016-11-08,1.331,0.42,1.86,2.6259999
2016-11-09,1.474,0.418,2.07,2.882
2016-11-10,1.529,0.458,2.12,2.928
2016-11-14,1.647,0.503,2.22,2.9820001
2016-11-15,1.674,0.488,2.24,2.973
2016-11-16,1.672,0.453,2.22,2.9260001
2016-11-17,1.713,0.42,2.28,2.9860001
2016-11-18,1.777,0.418,2.34,3.016
2016-11-21,1.796,0.42,2.34,3.013
2016-11-22,1.781,0.475,2.32,3.0090001
2016-11-23,1.837,0.485,2.36,3.023
2016-11-25,1.849,0.48,2.37,3.0220001
2016-11-28,1.801,0.45,2.32,2.983
2016-11-29,1.781,0.468,2.3,2.95
2016-11-30,1.834,0.468,2.37,3.017
2016-12-01,1.893,0.458,2.44,3.095
2016-12-02,1.829,0.455,2.39,3.0610001
2016-12-05,1.844,0.453,2.39,3.056
2016-12-06,1.841,0.485,2.4,3.082
2016-12-07,1.798,0.488,2.35,3.029
2016-12-08,1.819,0.49,2.39,3.085
2016-12-09,1.881,0.52,2.46,3.154
2016-12-12,1.889,0.5,2.48,3.1619999
2016-12-13,1.912,0.523,2.48,3.1470001
2016-12-14,1.994,0.523,2.53,3.1489999
2016-12-15,2.068,0.488,2.58,3.145
2016-12-16,2.067,0.485,2.6,3.184
2016-12-19,2.027,0.478,2.54,3.1210001
2016-12-20,2.046,0.513,2.57,3.151
2016-12-21,2.029,0.503,2.55,3.125
2016-12-22,2.036,0.493,2.55,3.1300001
2016-12-23,2.03,0.5,2.54,3.1159999
2016-12-27,2.055,0.495,2.56,3.1389999
2016-12-28,1.998,0.495,2.51,3.0840001
2016-12-29,1.962,0.44,2.48,3.0840001
2016-12-30,1.934,0.48,2.45,3.063
2017-01-03,1.944,0.475,2.45,3.0469999
2017-01-04,1.947,0.518,2.45,3.0450001
2017-01-05,1.863,0.508,2.37,2.9619999
2017-01-06,1.922,0.503,2.42,3.0039999
2017-01-09,1.881,0.485,2.38,2.9679999
2017-01-10,1.879,0.503,2.38,2.97
2017-01-11,1.876,0.498,2.37,2.957
2017-01-12,1.868,0.503,2.36,2.96
2017-01-13,1.884,0.513,2.38,2.977
2017-01-17,1.826,0.513,2.33,2.927
2017-01-18,1.885,0.515,2.39,2.9849999
2017-01-19,1.953,0.503,2.46,3.0320001
2017-01-20,1.94,0.48,2.47,3.046
2017-01-23,1.867,0.473,2.4,2.9909999
2017-01-24,1.937,0.493,2.47,3.056
2017-01-25,1.987,0.483,2.52,3.108
2017-01-26,1.962,0.488,2.51,3.0910001
2017-01-27,1.941,0.498,2.48,3.059
2017-01-30,1.936,0.495,2.48,3.0769999
2017-01-31,1.908,0.5,2.45,3.0510001
2017-02-01,1.926,0.5,2.47,3.0810001
2017-02-02,1.921,0.488,2.47,3.0829999
2017-02-03,1.933,0.488,2.49,3.1140001
2017-02-06,1.854,0.503,2.41,3.0480001
2017-02-07,1.844,0.525,2.39,3.0190001
2017-02-08,1.816,0.525,2.35,2.961
2017-02-09,1.87,0.528,2.4,3.0109999
2017-02-10,1.887,0.523,2.41,3.0120001
2017-02-13,1.911,0.523,2.43,3.0339999
2017-02-14,1.96,0.535,2.47,3.062
2017-02-15,2.001,0.52,2.5,3.0910001
2017-02-16,1.941,0.508,2.45,3.0510001
2017-02-17,1.91,0.508,2.42,3.0309999
2017-02-21,1.917,0.505,2.43,3.0369999
2017-02-22,1.912,0.51,2.42,3.0369999
2017-02-23,1.878,0.498,2.39,3.023
2017-02-24,1.804,0.498,2.32,2.9549999
2017-02-27,1.87,0.49,2.37,2.9860001
2017-02-28,1.88,0.523,2.36,2.9679999
2017-03-01,1.992,0.615,2.46,3.0710001
2017-03-02,2.03,0.645,2.49,3.082
2017-03-03,2.017,0.683,2.49,3.0840001
2017-03-06,2.016,0.705,2.49,3.098
2017-03-07,2.044,0.735,2.51,3.1099999
2017-03-08,2.081,0.708,2.55,3.1459999
2017-03-09,2.125,0.713,2.6,3.1830001
2017-03-10,2.105,0.725,2.58,3.1689999
2017-03-13,2.127,0.728,2.61,3.1919999
2017-03-14,2.124,0.753,2.6,3.1719999
2017-03-15,2.02,0.715,2.51,3.1059999
2017-03-16,2.03,0.708,2.52,3.135
2017-03-17,2.02,0.708,2.5,3.1129999
2017-03-20,1.993,0.71,2.47,3.0899999
2017-03-21,1.963,0.753,2.44,3.05
2017-03-22,1.93,0.748,2.4,3.0109999
2017-03-23,1.943,0.748,2.42,3.026
2017-03-24,1.928,0.748,2.4,3.0020001
2017-03-27,1.912,0.758,2.37,2.9790001
2017-03-28,1.955,0.773,2.41,3.013
2017-03-29,1.936,0.755,2.39,2.9920001
2017-03-30,1.961,0.758,2.42,3.0250001
2017-03-31,1.929,0.738,2.4,3.0179999
2017-04-03,1.877,0.74,2.35,2.9849999
2017-04-04,1.878,0.78,2.35,2.993
2017-04-05,1.87,0.78,2.36,3.006
2017-04-06,1.863,0.788,2.34,2.987
2017-04-07,1.911,0.798,2.37,2.9979999
2017-04-10,1.9,0.788,2.36,2.987
2017-04-11,1.832,0.8,2.3,2.9289999
2017-04-12,1.83,0.793,2.3,2.9300001
2017-04-13,1.764,0.79,2.23,2.888
2017-04-17,1.777,0.79,2.25,2.9130001
2017-04-18,1.71,0.805,2.18,2.842
2017-04-19,1.729,0.785,2.2,2.8610001
2017-04-20,1.772,0.77,2.24,2.891
2017-04-21,1.76,0.763,2.24,2.895
2017-04-24,1.802,0.77,2.27,2.927
2017-04-25,1.85,0.808,2.33,2.9790001
2017-04-26,1.835,0.803,2.31,2.971
2017-04-27,1.819,0.785,2.3,2.9649999
2017-04-28,1.816,0.78,2.28,2.9519999
2017-05-01,1.847,0.785,2.33,3.0109999
2017-05-02,1.813,0.843,2.3,2.9820001
2017-05-03,1.845,0.848,2.31,2.9549999
2017-05-04,1.883,0.855,2.36,2.9990001
2017-05-05,1.883,0.868,2.35,2.9890001
2017-05-08,1.9,0.87,2.38,3.0139999
2017-05-09,1.935,0.89,2.41,3.0380001
2017-05-10,1.938,0.875,2.41,3.0409999
2017-05-11,1.928,0.86,2.4,3.0380001
2017-05-12,1.853,0.855,2.34,2.994
2017-05-15,1.858,0.863,2.34,3.006
2017-05-16,1.85,0.89,2.33,2.9920001
2017-05-17,1.748,0.875,2.22,2.8970001
2017-05-18,1.774,0.893,2.23,2.905
2017-05-19,1.787,0.888,2.25,2.905
2017-05-22,1.797,0.878,2.25,2.915
2017-05-23,1.832,0.913,2.29,2.9449999
2017-05-24,1.803,0.905,2.27,2.9349999
2017-05-25,1.791,0.908,2.26,2.9219999
2017-05-26,1.791,0.91,2.25,2.9159999
2017-05-30,1.76,0.91,2.22,2.8859999
2017-05-31,1.748,0.95,2.2,2.8570001
2017-06-01,1.765,0.948,2.22,2.8699999
2017-06-02,1.719,0.953,2.16,2.813
2017-06-05,1.742,0.948,2.18,2.8410001
2017-06-06,1.712,0.958,2.15,2.8099999
2017-06-07,1.742,0.973,2.18,2.8369999
2017-06-08,1.755,0.973,2.19,2.855
2017-06-09,1.763,0.98,2.2,2.8540001
2017-06-12,1.778,0.973,2.21,2.868
2017-06-13,1.78,0.983,2.21,2.8629999
2017-06-14,1.725,0.983,2.14,2.783
2017-06-15,1.763,0.993,2.16,2.7850001
2017-06-16,1.747,0.985,2.16,2.7820001
2017-06-19,1.788,0.985,2.19,2.7880001
2017-06-20,1.758,0.993,2.15,2.7349999
2017-06-21,1.768,0.968,2.15,2.724
2017-06-22,1.762,0.933,2.15,2.724
2017-06-23,1.757,0.933,2.14,2.714
2017-06-26,1.758,0.933,2.14,2.6960001
2017-06-27,1.812,0.99,2.2,2.744
2017-06-28,1.816,0.985,2.22,2.7739999
2017-06-29,1.85,1.003,2.27,2.8139999
2017-06-30,1.885,0.993,2.3,2.8399999
2017-07-03,1.93,1.0,2.35,2.862
2017-07-05,1.925,1.02,2.33,2.855
2017-07-06,1.942,1.008,2.37,2.9030001
2017-07-07,1.957,1.008,2.39,2.9349999
2017-07-10,1.931,1.013,2.37,2.9230001
2017-07-11,1.919,1.033,2.36,2.9230001
2017-07-12,1.881,1.023,2.33,2.895
2017-07-13,1.891,1.013,2.35,2.9230001
2017-07-14,1.861,1.008,2.32,2.9100001
2017-07-17,1.853,1.02,2.31,2.8929999
2017-07-18,1.818,1.04,2.26,2.8510001
2017-07-19,1.821,1.085,2.27,2.845
2017-07-20,1.823,1.113,2.27,2.8369999
2017-07-21,1.8,1.138,2.23,2.802
2017-07-24,1.821,1.15,2.25,2.8329999
2017-07-25,1.885,1.143,2.33,2.9100001
2017-07-26,1.822,1.095,2.28,2.891
2017-07-27,1.845,1.078,2.31,2.928
2017-07-28,1.831,1.053,2.29,2.892
2017-07-31,1.832,1.053,2.29,2.898
2017-08-01,1.799,1.058,2.25,2.8510001
2017-08-02,1.819,1.05,2.26,2.845
2017-08-03,1.79,1.058,2.23,2.806
2017-08-04,1.822,1.053,2.27,2.8440001
2017-08-07,1.812,1.033,2.26,2.8369999
2017-08-08,1.834,1.03,2.28,2.8670001
2017-08-09,1.797,1.025,2.24,2.8169999
2017-08-10,1.781,1.018,2.21,2.7869999
2017-08-11,1.74,1.013,2.19,2.7869999
2017-08-14,1.771,1.003,2.22,2.8050001
2017-08-15,1.82,1.008,2.27,2.8410001
2017-08-16,1.781,0.985,2.23,2.8080001
2017-08-17,1.762,0.978,2.2,2.7820001
2017-08-18,1.762,0.988,2.19,2.777
2017-08-21,1.751,0.965,2.18,2.763
2017-08-22,1.785,0.995,2.22,2.789
2017-08-23,1.747,0.98,2.17,2.7490001
2017-08-24,1.775,0.998,2.19,2.7690001
2017-08-25,1.757,0.995,2.17,2.7509999
2017-08-28,1.742,1.005,2.16,2.7520001
2017-08-29,1.71,1.01,2.14,2.7479999
2017-08-30,1.725,0.998,2.14,2.7479999
2017-08-31,1.707,0.978,2.12,2.7249999
2017-09-01,1.733,0.985,2.16,2.7679999
2017-09-05,1.646,0.983,2.07,2.688
2017-09-06,1.687,1.038,2.11,2.724
2017-09-07,1.641,1.023,2.06,2.677
2017-09-08,1.641,1.02,2.06,2.6789999
2017-09-11,1.702,1.02,2.13,2.7379999
2017-09-12,1.747,1.018,2.17,2.7750001
2017-09-13,1.774,1.018,2.19,2.7950001
2017-09-14,1.787,1.028,2.2,2.7809999
2017-09-15,1.804,1.01,2.2,2.7720001
2017-09-18,1.824,1.0,2.23,2.803
2017-09-19,1.832,1.018,2.24,2.813
2017-09-20,1.883,1.02,2.28,2.8210001
2017-09-21,1.888,1.008,2.28,2.8080001
2017-09-22,1.872,1.003,2.26,2.796
2017-09-25,1.836,0.998,2.22,2.76
2017-09-26,1.85,1.043,2.23,2.77
2017-09-27,1.909,1.038,2.31,2.8629999
2017-09-28,1.896,1.03,2.31,2.869
2017-09-29,1.928,1.028,2.33,2.8570001
2017-10-02,1.934,1.013,2.34,2.865
2017-10-03,1.925,1.035,2.33,2.8740001
2017-10-04,1.925,1.043,2.33,2.8770001
2017-10-05,1.948,1.043,2.35,2.8929999
2017-10-06,1.969,1.043,2.37,2.9059999
2017-10-09,1.958,1.045,2.36,2.8940001
2017-10-10,1.945,1.055,2.35,2.881
2017-10-11,1.955,1.068,2.35,2.875
2017-10-12,1.94,1.053,2.32,2.8529999
2017-10-13,1.906,1.05,2.28,2.812
2017-10-16,1.955,1.055,2.31,2.822
2017-10-17,1.956,1.073,2.3,2.803
2017-10-18,1.987,1.068,2.34,2.8499999
2017-10-19,1.975,1.065,2.32,2.829
2017-10-20,2.02,1.075,2.38,2.8940001
2017-10-23,2.007,1.07,2.38,2.8900001
2017-10-24,2.027,1.098,2.41,2.9219999
2017-10-25,2.056,1.083,2.44,2.9549999
2017-10-26,2.069,1.08,2.45,2.96
2017-10-27,2.043,1.073,2.43,2.9360001
2017-10-30,1.997,1.075,2.37,2.8800001
2017-10-31,2.01,1.123,2.38,2.875
2017-11-01,2.022,1.138,2.38,2.862
2017-11-02,2.0,1.138,2.35,2.829
2017-11-03,2.005,1.148,2.34,2.822
2017-11-06,1.987,1.158,2.32,2.7969999
2017-11-07,1.983,1.188,2.31,2.7690001
2017-11-08,2.002,1.195,2.33,2.7839999
2017-11-09,2.003,1.203,2.33,2.806
2017-11-10,2.055,1.2,2.4,2.8800001
2017-11-13,2.072,1.185,2.4,2.869
2017-11-14,2.065,1.24,2.38,2.839
2017-11-15,2.038,1.23,2.34,2.7809999
2017-11-16,2.065,1.23,2.36,2.806
2017-11-17,2.062,1.24,2.35,2.793
2017-11-20,2.094,1.24,2.37,2.793
2017-11-21,2.107,1.278,2.36,2.763
2017-11-22,2.043,1.265,2.32,2.7460001
2017-11-24,2.064,1.24,2.34,2.7620001
2017-11-27,2.047,1.223,2.33,2.7650001
2017-11-28,2.068,1.265,2.34,2.766
2017-11-29,2.093,1.258,2.38,2.8169999
2017-11-30,2.144,1.238,2.42,2.832
2017-12-01,2.118,1.235,2.36,2.7579999
2017-12-04,2.148,1.245,2.38,2.7690001
2017-12-05,2.151,1.283,2.36,2.7320001
2017-12-06,2.12,1.263,2.33,2.7190001
2017-12-07,2.146,1.26,2.38,2.7750001
2017-12-08,2.145,1.253,2.38,2.7750001
2017-12-11,2.157,1.263,2.38,2.7709999
2017-12-12,2.172,1.31,2.4,2.7809999
2017-12-13,2.11,1.273,2.35,2.734
2017-12-14,2.128,1.283,2.35,2.71
2017-12-15,2.157,1.285,2.36,2.6889999
2017-12-18,2.167,1.315,2.39,2.744
2017-12-19,2.22,1.353,2.46,2.8210001
2017-12-20,2.242,1.35,2.5,2.8759999
2017-12-21,2.245,1.32,2.48,2.832
2017-12-22,2.251,1.298,2.49,2.8329999
2017-12-26,2.237,1.303,2.47,2.813
2017-12-27,2.199,1.408,2.41,2.7479999
2017-12-28,2.234,1.37,2.43,2.756
2017-12-29,2.206,1.355,2.4,2.7390001
2018-01-02,2.25,1.378,2.47,2.8110001
2018-01-03,2.247,1.37,2.45,2.7850001
2018-01-04,2.268,1.37,2.45,2.786
2018-01-05,2.285,1.37,2.48,2.8110001
2018-01-08,2.285,1.38,2.48,2.8139999
2018-01-09,2.324,1.415,2.55,2.8870001
2018-01-10,2.328,1.395,2.55,2.891
2018-01-11,2.314,1.403,2.53,2.865
2018-01-12,2.347,1.41,2.55,2.8529999
2018-01-16,2.355,1.395,2.54,2.836
2018-01-17,2.394,1.415,2.58,2.848
2018-01-18,2.41,1.405,2.61,2.888
2018-01-19,2.436,1.403,2.64,2.9119999
2018-01-22,2.461,1.39,2.67,2.928
2018-01-23,2.421,1.413,2.62,2.902
2018-01-24,2.441,1.41,2.65,2.938
2018-01-25,2.42,1.393,2.62,2.881
2018-01-26,2.47,1.388,2.66,2.9119999
2018-01-29,2.495,1.375,2.7,2.9430001
2018-01-30,2.507,1.425,2.73,2.98
2018-01-31,2.524,1.43,2.72,2.9419999
2018-02-01,2.559,1.453,2.77,3.0050001
2018-02-02,2.599,1.45,2.85,3.0969999
2018-02-05,2.521,1.458,2.79,3.0669999
2018-02-06,2.508,1.488,2.77,3.0439999
2018-02-07,2.565,1.515,2.84,3.1170001
2018-02-08,2.568,1.515,2.85,3.1370001
2018-02-09,2.516,1.525,2.83,3.1359999
2018-02-12,2.555,1.535,2.86,3.1370001
2018-02-13,2.549,1.57,2.84,3.128
2018-02-14,2.64,1.55,2.91,3.177
2018-02-15,2.635,1.56,2.89,3.142
2018-02-16,2.626,1.57,2.88,3.1359999
2018-02-20,2.648,1.573,2.89,3.155
2018-02-21,2.679,1.608,2.94,3.22
2018-02-22,2.652,1.605,2.92,3.2060001
2018-02-23,2.618,1.605,2.87,3.1600001
2018-02-26,2.607,1.608,2.86,3.155
2018-02-27,2.669,1.635,2.91,3.174
2018-02-28,2.65,1.618,2.87,3.1270001
2018-03-01,2.575,1.59,2.8,3.0880001
2018-03-02,2.623,1.605,2.86,3.131
2018-03-05,2.644,1.625,2.88,3.151
2018-03-06,2.645,1.643,2.88,3.1359999
2018-03-07,2.649,1.65,2.88,3.152
2018-03-08,2.633,1.635,2.87,3.1329999
2018-03-09,2.654,1.635,2.89,3.1589999
2018-03-12,2.635,1.643,2.87,3.1289999
2018-03-13,2.63,1.69,2.85,3.1010001
2018-03-14,2.606,1.718,2.82,3.0580001
2018-03-15,2.622,1.733,2.83,3.0610001
2018-03-16,2.645,1.738,2.85,3.0799999
2018-03-19,2.642,1.728,2.85,3.079
2018-03-20,2.681,1.758,2.88,3.1099999
2018-03-21,2.698,1.71,2.91,3.1289999
2018-03-22,2.632,1.683,2.83,3.069
2018-03-23,2.611,1.688,2.83,3.076
2018-03-26,2.635,1.705,2.84,3.0710001
2018-03-27,2.579,1.733,2.79,3.029
2018-03-28,2.589,1.695,2.78,3.0139999
2018-03-29,2.562,1.67,2.74,2.9719999
2018-04-02,2.549,1.683,2.73,2.97
2018-04-03,2.604,1.713,2.78,3.0179999
2018-04-04,2.606,1.668,2.79,3.0280001
2018-04-05,2.64,1.675,2.83,3.073
2018-04-06,2.589,1.68,2.78,3.0179999
2018-04-09,2.601,1.675,2.79,3.0179999
2018-04-10,2.625,1.695,2.8,3.017
2018-04-11,2.62,1.693,2.79,3.006
2018-04-12,2.671,1.705,2.83,3.04
2018-04-13,2.676,1.718,2.83,3.036
2018-04-16,2.683,1.713,2.83,3.03
2018-04-17,2.678,1.755,2.81,2.9990001
2018-04-18,2.731,1.77,2.87,3.046
2018-04-19,2.76,1.783,2.91,3.105
2018-04-20,2.793,1.765,2.95,3.142
2018-04-23,2.819,1.783,2.97,3.1440001
2018-04-24,2.811,1.823,2.98,3.168
2018-04-25,2.835,1.815,3.02,3.2090001
2018-04-26,2.819,1.785,2.99,3.175
2018-04-27,2.801,1.77,2.96,3.125
2018-04-30,2.789,1.763,2.94,3.0969999
2018-05-01,2.821,1.81,2.98,3.1370001
2018-05-02,2.802,1.785,2.96,3.135
2018-05-03,2.782,1.788,2.95,3.1210001
2018-05-04,2.78,1.793,2.94,3.115
2018-05-07,2.784,1.793,2.95,3.1199999
2018-05-08,2.808,1.835,2.97,3.125
2018-05-09,2.838,1.845,3.0,3.155
2018-05-10,2.833,1.845,2.97,3.1210001
2018-05-11,2.838,1.86,2.97,3.1110001
2018-05-14,2.852,1.855,3.0,3.1289999
2018-05-15,2.925,1.875,3.08,3.2090001
2018-05-16,2.934,1.865,3.1,3.2160001
2018-05-17,2.932,1.863,3.11,3.2460001
2018-05-18,2.892,1.855,3.07,3.21
2018-05-21,2.898,1.863,3.07,3.207
2018-05-22,2.899,1.893,3.07,3.2090001
2018-05-23,2.83,1.873,3.0,3.1689999
2018-05-24,2.816,1.86,2.98,3.131
2018-05-25,2.764,1.853,2.93,3.0899999
2018-05-29,2.576,1.84,2.77,2.9679999
2018-05-30,2.673,1.878,2.84,3.0139999
2018-05-31,2.664,1.87,2.82,2.9860001
2018-06-01,2.738,1.868,2.9,3.046
2018-06-04,2.785,1.865,2.94,3.0840001
2018-06-05,2.762,1.903,2.92,3.075
2018-06-06,2.813,1.9,2.98,3.1300001
2018-06-07,2.777,1.885,2.93,3.0799999
2018-06-08,2.775,1.88,2.94,3.082
2018-06-11,2.802,1.868,2.96,3.098
2018-06-12,2.808,1.888,2.96,3.092
2018-06-13,2.84,1.895,2.98,3.1010001
2018-06-14,2.816,1.883,2.95,3.0669999
2018-06-15,2.799,1.888,2.92,3.0469999
2018-06-18,2.799,1.883,2.93,3.0550001
2018-06-19,2.767,1.898,2.89,3.0280001
2018-06-20,2.796,1.888,2.93,3.063
2018-06-21,2.767,1.89,2.9,3.043
2018-06-22,2.774,1.87,2.9,3.0450001
2018-06-25,2.743,1.853,2.88,3.0239999
2018-06-26,2.748,1.893,2.88,3.0280001
2018-06-27,2.697,1.88,2.83,2.971
2018-06-28,2.726,1.88,2.85,2.9779999
2018-06-29,2.731,1.88,2.85,2.983
2018-07-02,2.753,1.895,2.87,2.99
2018-07-03,2.73,1.933,2.84,2.9660001
2018-07-05,2.741,1.91,2.84,2.9530001
2018-07-06,2.723,1.905,2.83,2.941
2018-07-09,2.752,1.915,2.86,2.9660001
2018-07-10,2.772,1.935,2.87,2.971
2018-07-11,2.74,1.92,2.84,2.9449999
2018-07-12,2.755,1.928,2.85,2.95
2018-07-13,2.727,1.928,2.83,2.9330001
2018-07-16,2.754,1.938,2.86,2.967
2018-07-17,2.763,1.975,2.86,2.971
2018-07-18,2.768,1.96,2.88,2.9890001
2018-07-19,2.74,1.948,2.85,2.967
2018-07-20,2.768,1.933,2.9,3.0309999
2018-07-23,2.828,1.92,2.97,3.1040001
2018-07-24,2.818,1.96,2.95,3.076
2018-07-25,2.814,1.953,2.94,3.0639999
2018-07-26,2.858,1.945,2.98,3.0999999
2018-07-27,2.846,1.945,2.96,3.0880001
2018-07-30,2.85,1.945,2.98,3.1059999
2018-07-31,2.848,1.985,2.96,3.0829999
2018-08-01,2.875,1.978,3.0,3.1270001
2018-08-02,2.853,1.965,2.99,3.1199999
2018-08-03,2.816,1.96,2.95,3.0929999
2018-08-06,2.806,1.968,2.94,3.082
2018-08-07,2.841,2.008,2.97,3.118
2018-08-08,2.838,2.008,2.97,3.118
2018-08-09,2.813,2.005,2.94,3.082
2018-08-10,2.73,2.0,2.86,3.016
2018-08-13,2.747,1.995,2.88,3.046
2018-08-14,2.767,2.033,2.9,3.062
2018-08-15,2.724,2.02,2.85,3.0239999
2018-08-16,2.748,2.015,2.87,3.0320001
2018-08-17,2.752,1.995,2.87,3.029
2018-08-20,2.702,1.993,2.82,2.983
2018-08-21,2.726,2.035,2.84,3.0009999
2018-08-22,2.706,2.035,2.82,2.9860001
2018-08-23,2.714,2.033,2.82,2.973
2018-08-24,2.724,2.048,2.83,2.9749999
2018-08-27,2.745,2.06,2.85,2.997
2018-08-28,2.774,2.078,2.88,3.0339999
2018-08-29,2.78,2.08,2.88,3.0209999
2018-08-30,2.755,2.058,2.86,3.006
2018-08-31,2.735,2.055,2.85,3.01
2018-09-04,2.775,2.068,2.9,3.069
2018-09-05,2.77,2.09,2.9,3.0739999
2018-09-06,2.748,2.08,2.88,3.0539999
2018-09-07,2.823,2.088,2.94,3.1029999
2018-09-10,2.828,2.083,2.94,3.0880001
2018-09-11,2.869,2.108,2.98,3.1240001
2018-09-12,2.86,2.105,2.96,3.1059999
2018-09-13,2.866,2.093,2.96,3.1010001
2018-09-14,2.898,2.103,2.99,3.132
2018-09-17,2.902,2.108,3.0,3.138
2018-09-18,2.936,2.125,3.05,3.1949999
2018-09-19,2.96,2.12,3.08,3.237
2018-09-20,2.962,2.118,3.08,3.2149999
2018-09-21,2.954,2.123,3.07,3.2049999
2018-09-24,2.959,2.123,3.08,3.21
2018-09-25,2.983,2.168,3.1,3.233
2018-09-26,2.958,2.16,3.06,3.191
2018-09-27,2.96,2.14,3.06,3.1830001
2018-09-28,2.948,2.15,3.06,3.197
2018-10-01,2.96,2.155,3.08,3.2320001
2018-10-02,2.944,2.175,3.06,3.207
2018-10-03,3.024,2.17,3.16,3.319
2018-10-04,3.054,2.17,3.2,3.355
2018-10-05,3.071,2.165,3.23,3.395
2018-10-08,3.073,2.165,3.23,3.405
2018-10-09,3.057,2.185,3.21,3.3699999
2018-10-10,3.059,2.22,3.23,3.398
2018-10-11,2.989,2.215,3.13,3.3069999
2018-10-12,2.994,2.218,3.14,3.316
2018-10-15,3.018,2.23,3.16,3.3410001
2018-10-16,3.017,2.26,3.16,3.3299999
2018-10-17,3.041,2.26,3.18,3.346
2018-10-18,3.024,2.255,3.18,3.359
2018-10-19,3.052,2.26,3.2,3.3840001
2018-10-22,3.048,2.258,3.2,3.3829999
2018-10-23,3.009,2.29,3.17,3.3640001
2018-10-24,2.964,2.285,3.12,3.346
2018-10-25,2.98,2.28,3.14,3.346
2018-10-26,2.907,2.273,3.08,3.3169999
2018-10-29,2.919,2.26,3.09,3.329
2018-10-30,2.939,2.283,3.11,3.3559999
2018-10-31,2.987,2.278,3.16,3.402
2018-11-01,2.968,2.27,3.14,3.3870001
2018-11-02,3.038,2.273,3.21,3.4530001
2018-11-05,3.026,2.268,3.2,3.4319999
2018-11-06,3.05,2.31,3.21,3.4260001
2018-11-07,3.061,2.31,3.21,3.425
2018-11-08,3.09,2.303,3.23,3.427
2018-11-09,3.044,2.3,3.19,3.392
2018-11-12,3.039,2.3,3.19,3.3870001
2018-11-13,2.987,2.295,3.15,3.3670001
2018-11-14,2.952,2.325,3.12,3.3540001
2018-11-15,2.945,2.31,3.12,3.368
2018-11-16,2.894,2.3,3.07,3.3269999
2018-11-19,2.866,2.3,3.06,3.316
2018-11-20,2.87,2.335,3.05,3.3050001
2018-11-21,2.89,2.35,3.06,3.3110001
2018-11-23,2.88,2.348,3.05,3.3099999
2018-11-26,2.9,2.343,3.07,3.3199999
2018-11-27,2.885,2.353,3.06,3.319
2018-11-28,2.856,2.335,3.04,3.329
2018-11-29,2.855,2.31,3.04,3.3280001
2018-11-30,2.845,2.308,3.01,3.3110001
2018-12-03,2.839,2.288,2.99,3.2780001
2018-12-04,2.799,2.365,2.92,3.178
2018-12-06,2.748,2.353,2.88,3.1359999
2018-12-07,2.696,2.34,2.85,3.1429999
2018-12-10,2.709,2.33,2.86,3.1289999
2018-12-11,2.745,2.37,2.88,3.1289999
2018-12-12,2.765,2.375,2.91,3.148
2018-12-13,2.756,2.363,2.91,3.1630001
2018-12-14,2.729,2.368,2.89,3.1429999
2018-12-17,2.693,2.34,2.86,3.1140001
2018-12-18,2.656,2.328,2.83,3.079
2018-12-19,2.627,2.338,2.78,3.0150001
2018-12-20,2.653,2.335,2.79,3.0120001
2018-12-21,2.642,2.33,2.79,3.0280001
2018-12-24,2.581,2.333,2.75,3.003
2018-12-26,2.637,2.38,2.8,3.0480001
2018-12-27,2.59,2.348,2.74,3.03
2018-12-28,2.573,2.328,2.74,3.0420001
2018-12-31,2.51,2.3,2.69,3.02
2019-01-02,2.503,2.365,2.66,2.9820001
2019-01-03,2.368,2.355,2.55,2.9000001
2019-01-04,2.482,2.358,2.66,2.974
2019-01-07,2.519,2.353,2.68,2.9779999
2019-01-08,2.571,2.4,2.72,2.993
2019-01-09,2.559,2.39,2.73,3.0239999
2019-01-10,2.559,2.375,2.73,3.0510001
2019-01-11,2.525,2.37,2.7,3.0369999
2019-01-14,2.529,2.36,2.71,3.0599999
2019-01-15,2.527,2.383,2.71,3.0710001
2019-01-16,2.547,2.363,2.73,3.0769999
2019-01-17,2.571,2.355,2.75,3.0769999
2019-01-18,2.618,2.348,2.78,3.098
2019-01-22,2.567,2.345,2.73,3.0539999
2019-01-23,2.591,2.353,2.76,3.069
2019-01-24,2.547,2.305,2.71,3.033
2019-01-25,2.589,2.328,2.75,3.062
2019-01-28,2.581,2.333,2.74,3.0610001
2019-01-29,2.547,2.365,2.71,3.0409999
2019-01-30,2.503,2.365,2.7,3.053
2019-01-31,2.44,2.34,2.64,3.0050001
2019-02-01,2.508,2.34,2.69,3.0320001
2019-02-04,2.535,2.335,2.72,3.0599999
2019-02-05,2.513,2.365,2.7,3.0350001
2019-02-06,2.508,2.365,2.7,3.0380001
2019-02-07,2.458,2.355,2.65,2.993
2019-02-08,2.441,2.365,2.63,2.9760001
2019-02-11,2.475,2.375,2.66,2.9990001
2019-02-12,2.492,2.378,2.68,3.0220001
2019-02-13,2.527,2.373,2.71,3.0339999
2019-02-14,2.473,2.373,2.66,3.007
2019-02-15,2.495,2.37,2.67,2.997
2019-02-19,2.47,2.373,2.65,2.9909999
2019-02-20,2.475,2.383,2.65,3.0
2019-02-21,2.508,2.395,2.69,3.0450001
2019-02-22,2.468,2.393,2.66,3.02
2019-02-25,2.486,2.393,2.67,3.0339999
2019-02-26,2.443,2.4,2.64,3.006
2019-02-27,2.49,2.393,2.69,3.069
2019-02-28,2.509,2.383,2.71,3.0829999
2019-03-01,2.556,2.378,2.76,3.1240001
2019-03-04,2.531,2.375,2.72,3.0899999
2019-03-05,2.533,2.4,2.72,3.0869999
2019-03-06,2.497,2.405,2.69,3.0710001
2019-03-07,2.435,2.395,2.64,3.0250001
2019-03-08,2.425,2.393,2.63,3.0090001
2019-03-11,2.44,2.38,2.64,3.033
2019-03-12,2.414,2.395,2.61,2.9879999
2019-03-13,2.414,2.388,2.61,3.01
2019-03-14,2.43,2.388,2.63,3.0450001
2019-03-15,2.4,2.388,2.59,3.02
2019-03-18,2.414,2.385,2.6,3.0109999
2019-03-19,2.425,2.405,2.61,3.0280001
2019-03-20,2.335,2.408,2.54,2.9749999
2019-03-21,2.341,2.408,2.54,2.964
2019-03-22,2.255,2.398,2.46,2.8889999
2019-03-25,2.202,2.39,2.42,2.8670001
2019-03-26,2.193,2.405,2.41,2.8670001
2019-03-27,2.165,2.378,2.37,2.8210001
2019-03-28,2.203,2.37,2.39,2.8110001
2019-03-29,2.243,2.328,2.41,2.822
2019-04-01,2.312,2.323,2.5,2.8900001
2019-04-02,2.292,2.37,2.48,2.888
2019-04-03,2.32,2.373,2.52,2.9289999
2019-04-04,2.317,2.37,2.51,2.9219999
2019-04-05,2.312,2.37,2.5,2.9089999
2019-04-08,2.326,2.365,2.52,2.925
2019-04-09,2.304,2.365,2.5,2.911
2019-04-10,2.279,2.363,2.48,2.904
2019-04-11,2.316,2.365,2.5,2.938
2019-04-12,2.375,2.375,2.56,2.971
2019-04-15,2.37,2.36,2.55,2.9630001
2019-04-16,2.408,2.378,2.59,2.993
2019-04-17,2.401,2.38,2.59,2.9909999
2019-04-18,2.369,2.365,2.56,2.9590001
2019-04-22,2.388,2.375,2.59,2.994
2019-04-23,2.361,2.39,2.57,2.9809999
2019-04-24,2.315,2.375,2.52,2.941
2019-04-25,2.33,2.365,2.53,2.947
2019-04-26,2.295,2.36,2.51,2.927
2019-04-29,2.318,2.36,2.54,2.9649999
2019-04-30,2.282,2.368,2.51,2.9400001
2019-05-01,2.298,2.363,2.51,2.9170001
2019-05-02,2.352,2.373,2.55,2.9430001
2019-05-03,2.33,2.368,2.53,2.9260001
2019-05-06,2.293,2.363,2.5,2.9070001
2019-05-07,2.252,2.368,2.45,2.862
2019-05-08,2.285,2.37,2.48,2.8889999
2019-05-09,2.253,2.37,2.46,2.8770001
2019-05-10,2.25,2.37,2.46,2.8729999
2019-05-13,2.186,2.35,2.4,2.8380001
2019-05-14,2.198,2.353,2.42,2.852
2019-05-15,2.153,2.35,2.38,2.823
2019-05-16,2.186,2.338,2.4,2.8399999
2019-05-17,2.178,2.33,2.39,2.8239999
2019-05-20,2.205,2.32,2.42,2.835
2019-05-21,2.228,2.33,2.43,2.842
2019-05-22,2.189,2.32,2.39,2.8180001
2019-05-23,2.088,2.303,2.3,2.7320001
2019-05-24,2.122,2.288,2.32,2.7520001
2019-05-28,2.074,2.298,2.27,2.707
2019-05-29,2.036,2.298,2.24,2.6730001
2019-05-30,2.031,2.31,2.23,2.654
2019-05-31,1.927,2.293,2.14,2.5829999
2019-06-03,1.847,2.28,2.08,2.5480001
2019-06-04,1.881,2.295,2.12,2.6029999
2019-06-05,1.863,2.285,2.12,2.6329999
2019-06-06,1.884,2.255,2.12,2.622
2019-06-07,1.851,2.215,2.08,2.5710001
2019-06-10,1.912,2.22,2.14,2.622
2019-06-11,1.909,2.213,2.14,2.6170001
2019-06-12,1.881,2.165,2.13,2.6229999
2019-06-13,1.83,2.14,2.09,2.6010001
2019-06-14,1.846,2.125,2.09,2.592
2019-06-17,1.847,2.138,2.09,2.5769999
2019-06-18,1.832,2.168,2.06,2.552
2019-06-19,1.768,2.125,2.03,2.54
2019-06-20,1.738,2.078,2.0,2.527
2019-06-21,1.807,2.055,2.07,2.592
2019-06-24,1.753,2.058,2.02,2.55
2019-06-25,1.733,2.083,1.99,2.526
2019-06-26,1.8,2.093,2.05,2.5650001
2019-06-27,1.763,2.085,2.01,2.5239999
2019-06-28,1.758,2.035,2.0,2.5280001
2019-07-01,1.796,2.065,2.03,2.559
2019-07-02,1.747,2.148,1.98,2.507
2019-07-03,1.737,2.15,1.95,2.47
2019-07-05,1.842,2.163,2.05,2.549
2019-07-08,1.844,2.178,2.03,2.52
2019-07-09,1.867,2.195,2.05,2.5309999
2019-07-10,1.828,2.13,2.06,2.5710001
2019-07-11,1.877,2.098,2.12,2.641
2019-07-12,1.858,2.09,2.11,2.6329999
2019-07-15,1.849,2.085,2.09,2.612
2019-07-16,1.883,2.103,2.12,2.632
2019-07-17,1.83,2.073,2.06,2.573
2019-07-18,1.786,2.013,2.04,2.5680001
2019-07-19,1.805,2.013,2.05,2.5780001
2019-07-22,1.798,2.025,2.04,2.5699999
2019-07-23,1.825,2.033,2.07,2.608
2019-07-24,1.82,2.04,2.05,2.5780001
2019-07-25,1.854,2.06,2.07,2.6029999
2019-07-26,1.862,2.063,2.08,2.6010001
2019-07-29,1.834,2.05,2.06,2.5829999
2019-07-30,1.844,2.04,2.06,2.586
2019-07-31,1.844,2.03,2.02,2.527
2019-08-01,1.678,2.03,1.89,2.441
2019-08-02,1.668,2.0,1.86,2.391
2019-08-05,1.534,1.953,1.74,2.2950001
2019-08-06,1.546,1.995,1.74,2.2690001
2019-08-07,1.502,1.968,1.68,2.197
2019-08-08,1.537,1.97,1.72,2.2320001
2019-08-09,1.563,1.95,1.73,2.2479999
2019-08-12,1.483,1.928,1.64,2.1300001
2019-08-13,1.569,1.955,1.68,2.1370001
2019-08-14,1.488,1.908,1.58,2.0250001
2019-08-15,1.422,1.843,1.53,1.98
2019-08-16,1.412,1.823,1.54,2.0
2019-08-19,1.464,1.853,1.6,2.085
2019-08-20,1.433,1.9,1.56,2.0439999
2019-08-21,1.467,1.928,1.58,2.053
2019-08-22,1.493,1.938,1.61,2.102
2019-08-23,1.411,1.91,1.53,2.0250001
2019-08-26,1.43,1.933,1.55,2.04
2019-08-27,1.394,1.943,1.49,1.969
2019-08-28,1.374,1.94,1.47,1.938
2019-08-29,1.411,1.94,1.52,1.979
2019-08-30,1.391,1.933,1.51,1.97
2019-09-03,1.339,1.91,1.47,1.949
2019-09-04,1.315,1.905,1.46,1.956
2019-09-05,1.434,1.92,1.57,2.0539999
2019-09-06,1.418,1.91,1.55,2.02
2019-09-09,1.479,1.908,1.62,2.098
2019-09-10,1.565,1.913,1.7,2.1819999
2019-09-11,1.592,1.913,1.73,2.2079999
2019-09-12,1.652,1.895,1.79,2.2639999
2019-09-13,1.752,1.9,1.9,2.378
2019-09-16,1.701,1.945,1.84,2.3080001
2019-09-17,1.666,1.938,1.81,2.28
2019-09-18,1.661,1.88,1.79,2.2360001
2019-09-19,1.648,1.883,1.77,2.2130001
2019-09-20,1.634,1.85,1.76,2.1989999
2019-09-23,1.582,1.845,1.71,2.154
2019-09-24,1.511,1.88,1.64,2.095
2019-09-25,1.607,1.845,1.73,2.184
2019-09-26,1.573,1.77,1.69,2.128
2019-09-27,1.551,1.73,1.68,2.1240001
2019-09-30,1.551,1.77,1.68,2.1210001
2019-10-01,1.498,1.753,1.64,2.105
2019-10-02,1.43,1.735,1.6,2.086
2019-10-03,1.342,1.665,1.54,2.0380001
2019-10-04,1.331,1.655,1.52,2.0150001
2019-10-07,1.386,1.673,1.55,2.0450001
2019-10-08,1.358,1.655,1.54,2.0409999
2019-10-09,1.409,1.628,1.59,2.0869999
2019-10-10,1.477,1.633,1.66,2.152
2019-10-11,1.576,1.623,1.75,2.2149999
2019-10-14,1.559,1.618,1.73,2.197
2019-10-15,1.599,1.618,1.77,2.233
2019-10-16,1.569,1.615,1.75,2.233
2019-10-17,1.579,1.625,1.76,2.243
2019-10-18,1.558,1.625,1.75,2.2460001
2019-10-21,1.602,1.625,1.79,2.2839999
2019-10-22,1.592,1.615,1.77,2.2509999
2019-10-23,1.586,1.615,1.76,2.2509999
2019-10-24,1.587,1.623,1.77,2.2590001
2019-10-25,1.626,1.625,1.8,2.2920001
2019-10-28,1.67,1.605,1.85,2.348
2019-10-29,1.659,1.595,1.84,2.3299999
2019-10-30,1.637,1.595,1.8,2.2720001
2019-10-31,1.523,1.498,1.69,2.1760001
2019-11-01,1.554,1.485,1.73,2.2119999
2019-11-04,1.603,1.503,1.79,2.273
2019-11-05,1.671,1.518,1.87,2.348
2019-11-06,1.628,1.515,1.81,2.2969999
2019-11-07,1.74,1.518,1.93,2.4030001
2019-11-08,1.734,1.51,1.93,2.4170001
2019-11-11,1.751,1.513,1.94,2.427
2019-11-12,1.718,1.533,1.91,2.3840001
2019-11-13,1.678,1.535,1.87,2.3510001
2019-11-14,1.623,1.528,1.82,2.2969999
2019-11-15,1.65,1.528,1.83,2.3110001
2019-11-18,1.625,1.523,1.81,2.293
2019-11-19,1.622,1.525,1.79,2.2550001
2019-11-20,1.584,1.52,1.74,2.2030001
2019-11-21,1.614,1.53,1.77,2.2309999
2019-11-22,1.629,1.543,1.77,2.223
2019-11-25,1.616,1.545,1.76,2.207
2019-11-26,1.596,1.565,1.74,2.178
2019-11-27,1.626,1.565,1.77,2.1930001
2019-11-29,1.621,1.54,1.78,2.2019999
2019-12-02,1.659,1.538,1.84,2.2850001
2019-12-03,1.534,1.538,1.71,2.1600001
2019-12-04,1.606,1.498,1.78,2.2290001
2019-12-05,1.623,1.493,1.8,2.247
2019-12-06,1.669,1.48,1.84,2.2839999
2019-12-09,1.668,1.498,1.83,2.2639999
2019-12-10,1.681,1.515,1.83,2.253
2019-12-11,1.64,1.52,1.79,2.22
2019-12-12,1.734,1.53,1.9,2.3180001
2019-12-13,1.653,1.523,1.82,2.25
2019-12-16,1.721,1.525,1.89,2.3099999
2019-12-17,1.713,1.53,1.89,2.316
2019-12-18,1.738,1.518,1.92,2.3510001
2019-12-19,1.72,1.533,1.91,2.3440001
2019-12-20,1.729,1.528,1.92,2.346
2019-12-23,1.754,1.52,1.94,2.3629999
2019-12-24,1.724,1.538,1.91,2.339
2019-12-26,1.725,1.535,1.91,2.3369999
2019-12-27,1.678,1.518,1.87,2.3110001
2019-12-30,1.681,1.49,1.9,2.3429999
2019-12-31,1.693,1.505,1.92,2.3889999
2020-01-02,1.671,1.495,1.88,2.3410001
2020-01-03,1.586,1.473,1.79,2.2490001
2020-01-06,1.611,1.488,1.81,2.2809999
2020-01-07,1.619,1.5,1.83,2.3050001
2020-01-08,1.665,1.493,1.87,2.358
2020-01-09,1.655,1.5,1.86,2.3299999
2020-01-10,1.636,1.498,1.83,2.2839999
2020-01-13,1.651,1.51,1.85,2.3069999
2020-01-14,1.627,1.53,1.82,2.2750001
2020-01-15,1.602,1.508,1.79,2.2420001
2020-01-16,1.625,1.518,1.81,2.2609999
2020-01-17,1.631,1.523,1.84,2.296
2020-01-21,1.573,1.503,1.77,2.2309999
2020-01-22,1.573,1.513,1.77,2.2179999
2020-01-23,1.555,1.515,1.74,2.1819999
2020-01-24,1.501,1.49,1.68,2.128
2020-01-27,1.435,1.505,1.61,2.0550001
2020-01-28,1.466,1.53,1.64,2.095
2020-01-29,1.417,1.52,1.59,2.053
2020-01-30,1.38,1.528,1.56,2.0280001
2020-01-31,1.326,1.51,1.52,2.0150001
2020-02-03,1.343,1.518,1.52,1.997
2020-02-04,1.424,1.538,1.6,2.0810001
2020-02-05,1.46,1.52,1.65,2.1329999
2020-02-06,1.46,1.53,1.64,2.1140001
2020-02-07,1.401,1.518,1.58,2.0420001
2020-02-10,1.367,1.52,1.55,2.02
2020-02-11,1.411,1.538,1.59,2.0510001
2020-02-12,1.445,1.535,1.63,2.0910001
2020-02-13,1.439,1.545,1.62,2.0710001
2020-02-14,1.414,1.535,1.59,2.043
2020-02-18,1.393,1.535,1.56,2.006
2020-02-19,1.409,1.543,1.57,2.016
2020-02-20,1.37,1.538,1.53,1.972
2020-02-21,1.318,1.518,1.47,1.918
2020-02-24,1.218,1.503,1.38,1.837
2020-02-25,1.156,1.49,1.33,1.804
2020-02-26,1.133,1.478,1.31,1.796
2020-02-27,1.107,1.395,1.3,1.784
2020-02-28,0.913,1.23,1.13,1.671
2020-03-02,0.865,1.135,1.09,1.646
2020-03-03,0.768,0.918,1.01,1.63
2020-03-04,0.729,0.675,0.992,1.635
2020-03-05,0.673,0.595,0.926,1.571
2020-03-06,0.557,0.415,0.706,1.215
2020-03-09,0.429,0.33,0.499,0.937
2020-03-10,0.614,0.39,0.748,1.219
2020-03-11,0.657,0.368,0.82,1.308
2020-03-12,0.649,0.273,0.849,1.4069999
2020-03-13,0.717,0.243,0.951,1.552
2020-03-16,0.492,0.185,0.728,1.334
2020-03-17,0.65,0.165,0.997,1.582
2020-03-18,0.82,0.003,1.27,1.897
2020-03-19,0.648,-0.028,1.12,1.74
2020-03-20,0.52,-0.033,0.938,1.556
2020-03-23,0.395,-0.04,0.764,1.344
2020-03-24,0.496,-0.033,0.816,1.369
2020-03-25,0.521,-0.07,0.858,1.423
2020-03-26,0.478,-0.105,0.811,1.395
2020-03-27,0.426,-0.058,0.749,1.337
2020-03-30,0.378,0.013,0.67,1.2819999
2020-03-31,0.375,0.03,0.698,1.351
2020-04-01,0.369,0.063,0.635,1.289
2020-04-02,0.386,0.065,0.627,1.27
2020-04-03,0.367,0.058,0.587,1.214
2020-04-06,0.444,0.06,0.676,1.284
2020-04-07,0.483,0.128,0.736,1.332
2020-04-08,0.467,0.185,0.764,1.364
2020-04-09,0.411,0.21,0.729,1.353
2020-04-13,0.43,0.2,0.749,1.391
2020-04-14,0.419,0.165,0.752,1.4119999
2020-04-15,0.339,0.115,0.638,1.275
2020-04-16,0.341,0.11,0.609,1.21
2020-04-17,0.364,0.103,0.654,1.276
2020-04-20,0.352,0.07,0.626,1.237
2020-04-21,0.334,0.098,0.571,1.1619999
2020-04-22,0.364,0.093,0.619,1.22
2020-04-23,0.369,0.093,0.613,1.204
2020-04-24,0.364,0.1,0.596,1.177
2020-04-27,0.401,0.093,0.656,1.251
2020-04-28,0.369,0.085,0.61,1.206
2020-04-29,0.362,0.09,0.627,1.245
2020-04-30,0.345,0.09,0.622,1.266
2020-05-01,0.369,0.093,0.642,1.278
2020-05-04,0.358,0.09,0.637,1.2970001
2020-05-05,0.369,0.11,0.657,1.33
2020-05-06,0.377,0.108,0.711,1.415
2020-05-07,0.296,0.095,0.631,1.322
2020-05-08,0.326,0.095,0.682,1.386
2020-05-11,0.358,0.105,0.726,1.4450001
2020-05-12,0.335,0.123,0.678,1.381
2020-05-13,0.315,0.115,0.649,1.341
2020-05-14,0.3,0.105,0.619,1.296
2020-05-15,0.308,0.103,0.64,1.319
2020-05-18,0.378,0.105,0.744,1.4579999
2020-05-19,0.348,0.118,0.711,1.4349999
2020-05-20,0.33,0.118,0.68,1.399
2020-05-21,0.34,0.11,0.677,1.399
2020-05-22,0.333,0.11,0.657,1.3710001
2020-05-26,0.351,0.118,0.698,1.439
2020-05-27,0.343,0.135,0.68,1.434
2020-05-28,0.346,0.138,0.705,1.474
2020-05-29,0.304,0.128,0.648,1.4069999
2020-06-01,0.302,0.128,0.662,1.455
2020-06-02,0.32,0.145,0.68,1.479
2020-06-03,0.377,0.148,0.761,1.551
2020-06-04,0.404,0.14,0.82,1.624
2020-06-05,0.476,0.145,0.904,1.678
2020-06-08,0.454,0.153,0.884,1.66
2020-06-09,0.406,0.165,0.829,1.5829999
2020-06-10,0.337,0.165,0.748,1.52
2020-06-11,0.302,0.153,0.653,1.401
2020-06-12,0.328,0.15,0.699,1.45
2020-06-15,0.328,0.155,0.702,1.448
2020-06-16,0.35,0.16,0.756,1.539
2020-06-17,0.339,0.165,0.733,1.524
2020-06-18,0.328,0.14,0.694,1.461
2020-06-19,0.327,0.143,0.697,1.47
2020-06-22,0.335,0.14,0.704,1.461
2020-06-23,0.325,0.14,0.709,1.489
2020-06-24,0.316,0.135,0.684,1.4450001
2020-06-25,0.327,0.13,0.674,1.418
2020-06-26,0.299,0.133,0.636,1.372
2020-06-29,0.282,0.125,0.636,1.391
2020-06-30,0.289,0.135,0.653,1.409
2020-07-01,0.313,0.13,0.682,1.433
2020-07-02,0.294,0.133,0.669,1.429
2020-07-06,0.307,0.128,0.684,1.443
2020-07-07,0.293,0.14,0.65,1.39
2020-07-08,0.291,0.135,0.653,1.392
2020-07-09,0.274,0.123,0.605,1.308
2020-07-10,0.298,0.12,0.633,1.326
2020-07-13,0.298,0.125,0.64,1.337
2020-07-14,0.282,0.133,0.615,1.302
2020-07-15,0.285,0.125,0.63,1.331
2020-07-16,0.275,0.103,0.612,1.301
2020-07-17,0.282,0.105,0.628,1.329
2020-07-20,0.285,0.105,0.62,1.319
2020-07-21,0.271,0.11,0.607,1.313
2020-07-22,0.269,0.1,0.595,1.289
2020-07-23,0.266,0.103,0.582,1.249
2020-07-24,0.274,0.098,0.589,1.239
2020-07-27,0.285,0.093,0.609,1.252
2020-07-28,0.266,0.103,0.581,1.223
2020-07-29,0.253,0.09,0.579,1.242
2020-07-30,0.23,0.085,0.541,1.198
2020-07-31,0.215,0.083,0.536,1.198
2020-08-03,0.225,0.078,0.563,1.245
2020-08-04,0.195,0.09,0.515,1.191
2020-08-05,0.218,0.095,0.543,1.219
2020-08-06,0.214,0.088,0.536,1.201
2020-08-07,0.229,0.088,0.562,1.229
2020-08-10,0.234,0.088,0.574,1.248
2020-08-11,0.291,0.1,0.658,1.348
2020-08-12,0.296,0.1,0.67,1.365
2020-08-13,0.318,0.09,0.716,1.426
2020-08-14,0.299,0.088,0.709,1.442
2020-08-17,0.285,0.085,0.683,1.424
2020-08-18,0.279,0.1,0.669,1.398
2020-08-19,0.277,0.095,0.675,1.415
2020-08-20,0.268,0.088,0.644,1.377
2020-08-21,0.272,0.088,0.64,1.353
2020-08-24,0.28,0.085,0.646,1.35
2020-08-25,0.292,0.095,0.682,1.388
2020-08-26,0.29,0.093,0.687,1.406
2020-08-27,0.31,0.095,0.746,1.5
2020-08-28,0.275,0.095,0.729,1.508
2020-08-31,0.264,0.095,0.693,1.452
2020-09-01,0.255,0.1,0.672,1.425
2020-09-02,0.256,0.1,0.651,1.375
2020-09-03,0.237,0.1,0.622,1.341
2020-09-04,0.304,0.103,0.721,1.47
2020-09-08,0.272,0.108,0.684,1.423
2020-09-09,0.279,0.105,0.703,1.4579999
2020-09-10,0.266,0.103,0.685,1.434
2020-09-11,0.253,0.103,0.669,1.4170001
2020-09-14,0.263,0.1,0.671,1.409
2020-09-15,0.269,0.1,0.679,1.432
2020-09-16,0.274,0.1,0.687,1.447
2020-09-17,0.271,0.085,0.684,1.429
2020-09-18,0.279,0.083,0.694,1.4529999
2020-09-21,0.268,0.08,0.671,1.427
2020-09-22,0.26,0.088,0.664,1.414
2020-09-23,0.271,0.088,0.676,1.425
2020-09-24,0.275,0.093,0.666,1.401
2020-09-25,0.267,0.09,0.659,1.405
2020-09-28,0.266,0.088,0.663,1.423
2020-09-29,0.25,0.085,0.645,1.406
2020-09-30,0.272,0.085,0.677,1.451
2020-10-01,0.272,0.083,0.677,1.454
2020-10-02,0.285,0.085,0.696,1.4809999
2020-10-05,0.324,0.085,0.762,1.567
2020-10-06,0.316,0.088,0.742,1.536
2020-10-07,0.344,0.088,0.785,1.5880001
2020-10-08,0.326,0.088,0.765,1.566
2020-10-09,0.336,0.093,0.775,1.574
2020-10-12,0.339,0.09,0.777,1.574
2020-10-13,0.302,0.093,0.727,1.513
2020-10-14,0.302,0.1,0.722,1.5
2020-10-15,0.314,0.095,0.731,1.507
2020-10-16,0.319,0.09,0.744,1.529
2020-10-19,0.33,0.09,0.761,1.548
2020-10-20,0.343,0.095,0.797,1.604
2020-10-21,0.351,0.09,0.816,1.6289999
2020-10-22,0.375,0.085,0.848,1.658
2020-10-23,0.37,0.083,0.841,1.645
2020-10-26,0.349,0.08,0.801,1.594
2020-10-27,0.335,0.09,0.778,1.571
2020-10-28,0.333,0.09,0.781,1.5700001
2020-10-29,0.372,0.083,0.835,1.625
2020-10-30,0.381,0.083,0.86,1.64
2020-11-02,0.377,0.083,0.849,1.624
2020-11-03,0.393,0.09,0.882,1.655
2020-11-04,0.323,0.083,0.768,1.546
2020-11-05,0.335,0.085,0.776,1.544
2020-11-06,0.363,0.083,0.82,1.599
2020-11-09,0.447,0.088,0.958,1.751
2020-11-10,0.46,0.09,0.972,1.76
2020-11-11,0.454,0.09,0.958,1.739
2020-11-12,0.396,0.085,0.885,1.651
2020-11-13,0.403,0.083,0.893,1.648
2020-11-16,0.408,0.075,0.906,1.66
2020-11-17,0.386,0.08,0.872,1.626
2020-11-18,0.399,0.075,0.882,1.618
2020-11-19,0.386,0.06,0.854,1.5779999
2020-11-20,0.376,0.058,0.829,1.5319999
2020-11-23,0.388,0.07,0.857,1.562
2020-11-24,0.397,0.08,0.882,1.603
2020-11-25,0.389,0.08,0.878,1.62
2020-11-27,0.367,0.073,0.842,1.574
2020-11-30,0.362,0.075,0.844,1.573
2020-12-01,0.427,0.08,0.934,1.676
2020-12-02,0.423,0.075,0.948,1.704
2020-12-03,0.405,0.075,0.92,1.666
2020-12-04,0.423,0.075,0.969,1.73
2020-12-07,0.389,0.07,0.928,1.686
2020-12-08,0.388,0.068,0.913,1.659
2020-12-09,0.408,0.07,0.941,1.689
2020-12-10,0.383,0.07,0.908,1.637
2020-12-11,0.361,0.065,0.893,1.626
2020-12-14,0.358,0.06,0.892,1.628
2020-12-15,0.375,0.07,0.923,1.665
2020-12-16,0.37,0.075,0.92,1.666
2020-12-17,0.377,0.08,0.93,1.676
2020-12-18,0.381,0.08,0.948,1.7
2020-12-21,0.383,0.078,0.941,1.684
2020-12-22,0.364,0.078,0.918,1.653
2020-12-23,0.377,0.075,0.955,1.697
2020-12-24,0.364,0.075,0.928,1.664
2020-12-28,0.364,0.08,0.933,1.669
2020-12-29,0.378,0.09,0.935,1.674
2020-12-30,0.37,0.07,0.926,1.6619999
2020-12-31,0.361,0.065,0.917,1.646
2021-01-04,0.354,0.068,0.917,1.656
2021-01-05,0.377,0.078,0.955,1.705
2021-01-06,0.432,0.078,1.04,1.821
2021-01-07,0.454,0.08,1.07,1.845
2021-01-08,0.479,0.08,1.11,1.863
2021-01-11,0.498,0.08,1.13,1.876
2021-01-12,0.503,0.08,1.14,1.885
2021-01-13,0.476,0.08,1.09,1.818
2021-01-14,0.484,0.075,1.13,1.874
2021-01-15,0.455,0.075,1.1,1.853
2021-01-19,0.449,0.073,1.09,1.84
2021-01-20,0.449,0.075,1.09,1.842
2021-01-21,0.447,0.073,1.11,1.872
2021-01-22,0.434,0.07,1.09,1.857
2021-01-25,0.41,0.07,1.04,1.798
2021-01-26,0.412,0.068,1.04,1.802
2021-01-27,0.407,0.06,1.01,1.778
2021-01-28,0.43,0.055,1.06,1.8200001
2021-01-29,0.443,0.048,1.09,1.858
2021-02-01,0.424,0.048,1.08,1.847
2021-02-02,0.445,0.05,1.11,1.877
2021-02-03,0.459,0.04,1.13,1.9119999
2021-02-04,0.459,0.03,1.14,1.933
2021-02-05,0.467,0.023,1.17,1.974
2021-02-08,0.475,0.02,1.16,1.943
2021-02-09,0.474,0.033,1.16,1.947
2021-02-10,0.456,0.035,1.13,1.924
2021-02-11,0.461,0.035,1.16,1.947
2021-02-12,0.485,0.035,1.2,2.003
2021-02-16,0.561,0.035,1.3,2.0899999
2021-02-17,0.566,0.035,1.3,2.069
2021-02-18,0.548,0.023,1.29,2.076
2021-02-19,0.581,0.023,1.35,2.1400001
2021-02-22,0.597,0.025,1.37,2.1800001
2021-02-23,0.579,0.023,1.36,2.2
2021-02-24,0.612,0.028,1.39,2.2420001
2021-02-25,0.802,0.033,1.52,2.3080001
2021-02-26,0.776,0.035,1.46,2.1819999
2021-03-01,0.711,0.028,1.45,2.22
2021-03-02,0.675,0.035,1.42,2.2160001
2021-03-03,0.727,0.035,1.47,2.2520001
2021-03-04,0.782,0.028,1.55,2.309
2021-03-05,0.785,0.028,1.55,2.2880001
2021-03-08,0.85,0.035,1.6,2.3080001
2021-03-09,0.821,0.035,1.55,2.2590001
2021-03-10,0.792,0.03,1.52,2.243
2021-03-11,0.778,0.028,1.53,2.2809999
2021-03-12,0.847,0.025,1.64,2.402
2021-03-15,0.831,0.015,1.61,2.368
2021-03-16,0.824,0.008,1.62,2.391
2021-03-17,0.78,0.008,1.64,2.437
2021-03-18,0.869,0.003,1.73,2.4760001
2021-03-19,0.881,0.005,1.73,2.451
2021-03-22,0.86,0.005,1.68,2.3829999
2021-03-23,0.829,0.01,1.64,2.348
2021-03-24,0.814,0.015,1.61,2.3139999
2021-03-25,0.819,0.015,1.61,2.3340001
2021-03-26,0.856,0.015,1.66,2.3670001
2021-03-29,0.891,0.008,1.72,2.424
2021-03-30,0.91,0.013,1.73,2.3959999
2021-03-31,0.938,0.013,1.75,2.425
2021-04-01,0.907,0.008,1.68,2.3399999
2021-04-05,0.941,0.015,1.72,2.3629999
2021-04-06,0.872,0.015,1.66,2.316
2021-04-07,0.856,0.01,1.65,2.335
2021-04-08,0.84,0.005,1.63,2.322
2021-04-09,0.868,0.003,1.67,2.339
2021-04-12,0.89,0.01,1.68,2.3469999
2021-04-13,0.84,0.015,1.62,2.3069999
2021-04-14,0.86,0.015,1.64,2.325
2021-04-15,0.792,0.01,1.53,2.21
2021-04-16,0.821,0.008,1.57,2.2609999
2021-04-19,0.831,0.015,1.6,2.2939999
2021-04-20,0.795,0.015,1.56,2.2590001
2021-04-21,0.802,0.013,1.56,2.2639999
2021-04-22,0.802,0.015,1.55,2.2390001
2021-04-23,0.816,0.015,1.57,2.2509999
2021-04-26,0.831,0.008,1.57,2.244
2021-04-27,0.878,0.01,1.62,2.2939999
2021-04-28,0.864,0.008,1.62,2.3
2021-04-29,0.867,0.008,1.64,2.3110001
2021-04-30,0.857,0.003,1.63,2.3010001
2021-05-03,0.829,0.005,1.61,2.2880001
2021-05-04,0.821,0.01,1.59,2.266
2021-05-05,0.803,0.008,1.58,2.2590001
2021-05-06,0.797,0.008,1.56,2.2360001
2021-05-07,0.771,0.008,1.58,2.277
2021-05-10,0.782,0.005,1.6,2.319
2021-05-11,0.801,0.01,1.62,2.3510001
2021-05-12,0.864,0.01,1.7,2.415
2021-05-13,0.837,0.008,1.67,2.3959999
2021-05-14,0.816,0.005,1.64,2.355
2021-05-17,0.829,0.005,1.64,2.355
2021-05-18,0.819,0.01,1.64,2.3640001
2021-05-19,0.863,0.005,1.68,2.3870001
2021-05-20,0.815,0.003,1.63,2.342
2021-05-21,0.828,0.003,1.63,2.3329999
2021-05-24,0.807,0.003,1.61,2.302
2021-05-25,0.774,0.01,1.56,2.26
2021-05-26,0.778,0.005,1.57,2.26
2021-05-27,0.814,0.005,1.61,2.29
2021-05-28,0.788,0.008,1.58,2.263
2021-06-01,0.809,0.01,1.62,2.296
2021-06-02,0.796,0.015,1.59,2.28
2021-06-03,0.845,0.015,1.63,2.2950001
2021-06-04,0.784,0.015,1.56,2.2390001
2021-06-07,0.793,0.018,1.57,2.2509999
2021-06-08,0.766,0.02,1.53,2.2090001
2021-06-09,0.745,0.02,1.49,2.1689999
2021-06-10,0.731,0.02,1.46,2.1530001
2021-06-11,0.748,0.018,1.46,2.152
2021-06-14,0.787,0.015,1.5,2.1900001
2021-06-15,0.785,0.02,1.5,2.1989999
2021-06-16,0.882,0.028,1.57,2.2090001
2021-06-17,0.879,0.028,1.51,2.0999999
2021-06-18,0.886,0.028,1.45,2.027
2021-06-21,0.884,0.03,1.48,2.1040001
2021-06-22,0.859,0.038,1.47,2.105
2021-06-23,0.88,0.04,1.49,2.112
2021-06-24,0.907,0.043,1.49,2.095
2021-06-25,0.93,0.043,1.54,2.1689999
2021-06-28,0.896,0.04,1.48,2.098
2021-06-29,0.891,0.04,1.48,2.096
2021-06-30,0.873,0.04,1.44,2.0650001
2021-07-01,0.902,0.04,1.48,2.086
2021-07-02,0.859,0.038,1.43,2.0450001
2021-07-06,0.809,0.04,1.37,2.0039999
2021-07-07,0.78,0.043,1.32,1.944
2021-07-08,0.736,0.043,1.29,1.91
2021-07-09,0.787,0.043,1.36,1.982
2021-07-12,0.796,0.043,1.36,1.993
2021-07-13,0.848,0.045,1.42,2.0380001
2021-07-14,0.799,0.045,1.36,1.989
2021-07-15,0.775,0.038,1.3,1.92
2021-07-16,0.778,0.038,1.3,1.931
2021-07-19,0.69,0.04,1.18,1.8150001
2021-07-20,0.674,0.045,1.21,1.869
2021-07-21,0.731,0.045,1.28,1.9299999
2021-07-22,0.712,0.043,1.26,1.902
2021-07-23,0.718,0.045,1.29,1.925
2021-07-26,0.713,0.04,1.28,1.926
2021-07-27,0.694,0.045,1.23,1.8890001
2021-07-28,0.74,0.045,1.26,1.911
2021-07-29,0.73,0.04,1.27,1.916
2021-07-30,0.703,0.04,1.24,1.897
2021-08-02,0.651,0.038,1.17,1.853
2021-08-03,0.651,0.045,1.18,1.852
2021-08-04,0.675,0.045,1.18,1.84
2021-08-05,0.719,0.043,1.22,1.863
2021-08-06,0.765,0.043,1.29,1.934
2021-08-09,0.792,0.045,1.32,1.9630001
2021-08-10,0.823,0.05,1.34,1.984
2021-08-11,0.802,0.045,1.33,1.997
2021-08-12,0.831,0.043,1.37,2.013
2021-08-13,0.788,0.045,1.3,1.948
2021-08-16,0.751,0.058,1.26,1.924
2021-08-17,0.764,0.063,1.26,1.919
2021-08-18,0.778,0.055,1.27,1.914
2021-08-19,0.765,0.043,1.24,1.876
2021-08-20,0.785,0.043,1.26,1.874
2021-08-23,0.772,0.04,1.25,1.872
2021-08-24,0.793,0.048,1.29,1.9069999
2021-08-25,0.819,0.045,1.34,1.959
2021-08-26,0.843,0.043,1.34,1.941
2021-08-27,0.8,0.043,1.31,1.918
2021-08-30,0.771,0.038,1.29,1.9
2021-08-31,0.772,0.04,1.3,1.927
2021-09-01,0.78,0.04,1.3,1.919
2021-09-02,0.776,0.04,1.29,1.9069999
2021-09-03,0.785,0.04,1.32,1.943
2021-09-07,0.819,0.035,1.37,1.984
2021-09-08,0.806,0.04,1.33,1.9529999
2021-09-09,0.787,0.038,1.3,1.897
2021-09-10,0.816,0.038,1.34,1.934
2021-09-13,0.805,0.038,1.32,1.905
2021-09-14,0.779,0.035,1.28,1.85
2021-09-15,0.8,0.035,1.3,1.869
2021-09-16,0.834,0.03,1.33,1.881
2021-09-17,0.866,0.028,1.37,1.909
2021-09-20,0.821,0.025,1.31,1.846
2021-09-21,0.829,0.02,1.32,1.857
2021-09-22,0.872,0.025,1.34,1.851
2021-09-23,0.929,0.025,1.41,1.924
2021-09-24,0.957,0.025,1.46,1.988
2021-09-27,0.983,0.025,1.48,1.995
2021-09-28,1.023,0.03,1.53,2.0699999
2021-09-29,1.012,0.03,1.54,2.0899999
2021-09-30,0.997,0.028,1.53,2.092
2021-10-01,0.941,0.028,1.48,2.0580001
2021-10-04,0.944,0.028,1.48,2.0469999
2021-10-05,0.978,0.035,1.53,2.098
2021-10-06,0.985,0.04,1.52,2.076
2021-10-07,1.019,0.04,1.57,2.132
2021-10-08,1.048,0.04,1.61,2.1619999
2021-10-11,1.06,0.04,1.61,2.1659999
2021-10-12,1.074,0.04,1.58,2.1059999
2021-10-13,1.087,0.045,1.55,2.0409999
2021-10-14,1.05,0.04,1.52,2.0250001
2021-10-15,1.122,0.038,1.58,2.0510001
2021-10-18,1.162,0.043,1.58,2.017
2021-10-19,1.157,0.05,1.64,2.0880001
2021-10-20,1.147,0.05,1.64,2.1110001
2021-10-21,1.212,0.05,1.68,2.128
2021-10-22,1.211,0.05,1.66,2.0910001
2021-10-25,1.176,0.05,1.64,2.085
2021-10-26,1.183,0.05,1.62,2.0510001
2021-10-27,1.138,0.05,1.53,1.942
2021-10-28,1.188,0.048,1.57,1.9630001
2021-10-29,1.188,0.048,1.56,1.942
2021-11-01,1.198,0.04,1.58,1.969
2021-11-02,1.149,0.045,1.55,1.96
2021-11-03,1.185,0.045,1.58,1.9859999
2021-11-04,1.104,0.035,1.52,1.964
2021-11-05,1.054,0.04,1.45,1.886
2021-11-08,1.12,0.035,1.5,1.887
2021-11-09,1.068,0.04,1.43,1.822
2021-11-10,1.214,0.045,1.56,1.918
2021-11-11,1.221,0.04,1.56,1.916
2021-11-12,1.236,0.043,1.58,1.955
2021-11-15,1.257,0.038,1.62,2.007
2021-11-16,1.267,0.04,1.63,2.0179999
2021-11-17,1.236,0.045,1.6,1.9960001
2021-11-18,1.223,0.045,1.59,1.972
2021-11-19,1.203,0.045,1.54,1.9069999
2021-11-22,1.31,0.04,1.63,1.978
2021-11-23,1.334,0.045,1.67,2.023
2021-11-24,1.344,0.05,1.65,1.969
2021-11-26,1.169,0.043,1.48,1.827
2021-11-29,1.185,0.038,1.53,1.88
2021-11-30,1.15,0.048,1.44,1.7869999
2021-12-01,1.155,0.05,1.43,1.778
2021-12-02,1.208,0.043,1.45,1.7690001
2021-12-03,1.124,0.043,1.34,1.678
2021-12-06,1.213,0.043,1.43,1.757
2021-12-07,1.257,0.058,1.48,1.796
2021-12-08,1.261,0.06,1.51,1.875
2021-12-09,1.257,0.053,1.49,1.8660001
2021-12-10,1.252,0.05,1.49,1.8839999
2021-12-13,1.213,0.043,1.42,1.812
2021-12-14,1.234,0.048,1.44,1.818
2021-12-15,1.261,0.045,1.46,1.855
2021-12-16,1.173,0.035,1.42,1.8609999
2021-12-17,1.177,0.03,1.4,1.818
2021-12-20,1.164,0.038,1.42,1.849
2021-12-21,1.235,0.065,1.49,1.897
2021-12-22,1.222,0.065,1.46,1.857
2021-12-23,1.243,0.058,1.49,1.905
2021-12-27,1.252,0.043,1.48,1.886
2021-12-28,1.245,0.05,1.48,1.903
2021-12-29,1.294,0.045,1.54,1.9529999
2021-12-30,1.274,0.025,1.52,1.925
2021-12-31,1.263,0.033,1.51,1.905
2022-01-03,1.365,0.053,1.63,2.016
2022-01-04,1.375,0.08,1.67,2.0769999
2022-01-05,1.433,0.085,1.71,2.0880001
2022-01-06,1.477,0.09,1.73,2.0929999
2022-01-07,1.505,0.088,1.77,2.118
2022-01-10,1.538,0.09,1.78,2.1099999
2022-01-11,1.507,0.118,1.75,2.073
2022-01-12,1.493,0.115,1.73,2.0739999
2022-01-13,1.481,0.11,1.71,2.0550001
2022-01-14,1.548,0.118,1.77,2.1140001
2022-01-18,1.648,0.13,1.87,2.184
2022-01-19,1.611,0.165,1.83,2.138
2022-01-20,1.618,0.168,1.83,2.1400001
2022-01-21,1.547,0.158,1.75,2.0639999
2022-01-24,1.514,0.155,1.74,2.0829999
2022-01-25,1.566,0.185,1.78,2.1289999
2022-01-26,1.65,0.178,1.85,2.1670001
2022-01-27,1.662,0.185,1.81,2.0910001
2022-01-28,1.624,0.173,1.78,2.0829999
2022-01-31,1.614,0.173,1.78,2.098
2022-02-01,1.624,0.203,1.8,2.1240001
2022-02-02,1.6,0.185,1.77,2.0940001
2022-02-03,1.661,0.193,1.83,2.145
2022-02-04,1.788,0.223,1.93,2.233
2022-02-07,1.765,0.203,1.92,2.2179999
2022-02-08,1.808,0.275,1.95,2.2509999
2022-02-09,1.802,0.27,1.93,2.2320001
2022-02-10,1.944,0.37,2.03,2.309
2022-02-11,1.868,0.338,1.96,2.257
2022-02-14,1.918,0.36,2.0,2.3010001
2022-02-15,1.935,0.4,2.05,2.362
2022-02-16,1.92,0.373,2.05,2.365
2022-02-17,1.848,0.345,1.97,2.312
2022-02-18,1.824,0.318,1.93,2.2509999
2022-02-22,1.866,0.33,1.95,2.253
2022-02-23,1.893,0.34,1.98,2.2750001
2022-02-24,1.85,0.283,1.97,2.293
2022-02-25,1.885,0.298,1.99,2.296
2022-02-28,1.721,0.288,1.84,2.1819999
2022-03-01,1.549,0.313,1.71,2.1040001
2022-03-02,1.752,0.325,1.87,2.233
2022-03-03,1.737,0.335,1.84,2.227
2022-03-04,1.631,0.305,1.72,2.151
2022-03-07,1.691,0.305,1.75,2.152
2022-03-08,1.806,0.36,1.87,2.244
2022-03-09,1.88,0.37,1.95,2.302
2022-03-10,1.941,0.36,2.01,2.3940001
2022-03-11,1.96,0.365,2.0,2.3640001
2022-03-14,2.092,0.378,2.14,2.4760001
2022-03-15,2.114,0.448,2.16,2.5050001
2022-03-16,2.198,0.433,2.19,2.4590001
2022-03-17,2.168,0.36,2.19,2.4849999
2022-03-18,2.143,0.383,2.15,2.418
2022-03-21,2.34,0.455,2.32,2.5339999
2022-03-22,2.386,0.52,2.37,2.5929999
2022-03-23,2.34,0.48,2.32,2.5190001
2022-03-24,2.373,0.483,2.34,2.5109999
2022-03-25,2.573,0.52,2.49,2.6029999
2022-03-28,2.565,0.508,2.48,2.573
2022-03-29,2.485,0.555,2.4,2.5239999
2022-03-30,2.448,0.525,2.36,2.48
2022-03-31,2.422,0.493,2.33,2.448
2022-04-01,2.549,0.5,2.38,2.424
2022-04-04,2.555,0.538,2.41,2.474
2022-04-05,2.696,0.668,2.56,2.5840001
2022-04-06,2.702,0.663,2.61,2.632
2022-04-07,2.691,0.66,2.65,2.687
2022-04-08,2.756,0.668,2.71,2.7460001
2022-04-11,2.785,0.68,2.78,2.8199999
2022-04-12,2.676,0.738,2.73,2.826
2022-04-13,2.642,0.74,2.69,2.7939999
2022-04-14,2.786,0.748,2.83,2.9189999
2022-04-18,2.796,0.755,2.86,2.9530001
2022-04-19,2.889,0.833,2.91,2.99
2022-04-20,2.86,0.795,2.84,2.8789999
2022-04-21,2.979,0.8,2.92,2.9330001
2022-04-22,2.949,0.78,2.91,2.944
2022-04-25,2.859,0.798,2.83,2.8940001
2022-04-26,2.797,0.833,2.77,2.869
2022-04-27,2.815,0.808,2.82,2.908
2022-04-28,2.88,0.785,2.86,2.9289999
2022-04-29,2.912,0.808,2.89,2.947
2022-05-02,3.01,0.765,3.0,3.0610001
2022-05-03,3.003,0.895,2.96,3.006
2022-05-04,2.896,0.833,2.92,3.003
2022-05-05,3.024,0.803,3.07,3.1600001
2022-05-06,3.043,0.815,3.12,3.221
2022-05-09,2.983,0.8,3.08,3.2079999
2022-05-10,2.918,0.878,2.99,3.1300001
2022-05-11,2.879,0.883,2.92,3.0439999
2022-05-12,2.782,0.905,2.82,2.9849999
2022-05-13,2.888,0.943,2.94,3.0929999
2022-05-16,2.82,0.98,2.88,3.0840001
2022-05-17,2.946,1.038,2.97,3.1619999
2022-05-18,2.891,1.003,2.89,3.072
2022-05-19,2.847,1.0,2.86,3.066
2022-05-20,2.806,0.978,2.79,2.9960001
2022-05-23,2.875,0.993,2.86,3.0650001
2022-05-24,2.757,1.043,2.76,2.973
2022-05-25,2.721,1.045,2.75,2.9649999
2022-05-26,2.716,1.028,2.76,2.9909999
2022-05-27,2.724,1.025,2.74,2.9719999
2022-05-31,2.811,1.03,2.84,3.0569999
2022-06-01,2.938,1.103,2.93,3.076
2022-06-02,2.909,1.113,2.91,3.076
2022-06-03,2.951,1.135,2.96,3.1140001
2022-06-06,3.035,1.16,3.04,3.191
2022-06-07,2.984,1.225,2.97,3.1229999
2022-06-08,3.032,1.233,3.03,3.177
2022-06-09,3.063,1.238,3.04,3.171
2022-06-10,3.25,1.288,3.16,3.1960001
2022-06-13,3.475,1.498,3.37,3.3670001
2022-06-14,3.596,1.743,3.48,3.4319999
2022-06-15,3.472,1.695,3.4,3.4130001
2022-06-16,3.377,1.483,3.31,3.362
2022-06-17,3.34,1.51,3.24,3.2939999
2022-06-21,3.379,1.488,3.31,3.3900001
2022-06-22,3.227,1.545,3.16,3.243
2022-06-23,3.133,1.56,3.07,3.1789999
2022-06-24,3.175,1.598,3.13,3.257
2022-06-27,3.258,1.633,3.19,3.3050001
2022-06-28,3.26,1.738,3.21,3.3099999
2022-06-29,3.151,1.705,3.09,3.2119999
2022-06-30,3.004,1.6,2.97,3.119
2022-07-01,2.884,1.603,2.89,3.1159999
2022-07-05,2.815,1.63,2.81,3.0320001
2022-07-06,2.951,1.84,2.91,3.119
2022-07-07,3.054,1.853,3.01,3.194
2022-07-08,3.142,1.843,3.1,3.2690001
2022-07-11,3.05,1.953,2.99,3.1800001
2022-07-12,3.016,2.113,2.96,3.1370001
2022-07-13,3.019,2.323,2.9,3.069
2022-07-14,3.063,2.273,2.96,3.1040001
2022-07-15,3.051,2.24,2.93,3.0940001
2022-07-18,3.07,2.26,2.96,3.135
2022-07-19,3.15,2.45,3.02,3.1789999
2022-07-20,3.178,2.378,3.04,3.1700001
2022-07-21,3.01,2.36,2.91,3.073
2022-07-22,2.873,2.355,2.78,2.9979999
2022-07-25,2.9,2.393,2.82,3.049
2022-07-26,2.885,2.475,2.79,3.0090001
2022-07-27,2.797,2.383,2.73,3.0020001
2022-07-28,2.703,2.308,2.68,3.039
2022-07-29,2.695,2.298,2.64,2.974
2022-08-01,2.668,2.265,2.61,2.925
2022-08-02,2.862,2.463,2.74,2.9849999
2022-08-03,2.872,2.428,2.75,2.977
2022-08-04,2.774,2.378,2.68,2.961
2022-08-05,2.976,2.41,2.84,3.0650001
2022-08-08,2.911,2.46,2.77,2.998
2022-08-09,2.98,2.57,2.8,3.0049999
2022-08-10,2.923,2.535,2.79,3.042
2022-08-11,2.988,2.49,2.89,3.1729999
2022-08-12,2.977,2.5,2.85,3.118
2022-08-15,2.913,2.513,2.79,3.096
2022-08-16,2.958,2.598,2.82,3.113
2022-08-17,3.048,2.568,2.89,3.146
2022-08-18,3.031,2.565,2.88,3.139
2022-08-19,3.116,2.58,2.99,3.225
2022-08-22,3.179,2.648,3.04,3.2419999
2022-08-23,3.181,2.703,3.05,3.256
2022-08-24,3.231,2.713,3.11,3.321
2022-08-25,3.157,2.73,3.03,3.234
2022-08-26,3.195,2.755,3.04,3.205
2022-08-29,3.263,2.798,3.11,3.247
2022-08-30,3.277,2.873,3.11,3.22
2022-08-31,3.284,2.86,3.13,3.255
2022-09-01,3.406,2.863,3.27,3.374
2022-09-02,3.298,2.82,3.19,3.344
2022-09-06,3.443,2.845,3.34,3.482
2022-09-07,3.36,2.933,3.27,3.406
2022-09-08,3.397,2.95,3.29,3.442
2022-09-09,3.446,2.968,3.32,3.456
2022-09-12,3.458,2.995,3.36,3.513
2022-09-13,3.589,3.153,3.42,3.507
2022-09-14,3.595,3.128,3.41,3.469
2022-09-15,3.674,3.095,3.46,3.48
2022-09-16,3.626,3.07,3.45,3.519
2022-09-19,3.693,3.035,3.49,3.505
2022-09-20,3.75,3.243,3.57,3.581
2022-09-21,3.713,3.19,3.51,3.518
2022-09-22,3.929,3.13,3.71,3.639
2022-09-23,3.984,3.108,3.7,3.612
2022-09-26,4.159,3.165,3.88,3.698
2022-09-27,4.21,3.25,3.96,3.829
2022-09-28,3.922,3.23,3.71,3.681
2022-09-29,3.979,3.218,3.75,3.693
2022-09-30,4.041,3.18,3.8,3.765
2022-10-03,3.883,3.15,3.65,3.706
2022-10-04,3.84,3.315,3.62,3.687
2022-10-05,3.959,3.293,3.76,3.765
2022-10-06,4.06,3.288,3.83,3.794
2022-10-07,4.135,3.293,3.88,3.841
2022-10-10,4.149,3.285,3.89,3.848
2022-10-11,4.169,3.34,3.94,3.902
2022-10-12,4.112,3.533,3.9,3.884
2022-10-13,4.207,3.583,3.95,3.932
2022-10-14,4.269,3.628,4.01,3.978
2022-10-17,4.239,3.688,4.01,4.015
2022-10-18,4.215,3.833,4.0,4.021
2022-10-19,4.35,3.893,4.13,4.126
2022-10-20,4.448,3.89,4.23,4.216
2022-10-21,4.354,3.885,4.21,4.305
2022-10-24,4.359,3.913,4.23,4.363
2022-10-25,4.257,3.965,4.11,4.263
2022-10-26,4.194,3.93,4.01,4.163
2022-10-27,4.088,3.93,3.94,4.092
2022-10-28,4.19,3.97,4.01,4.129
2022-10-31,4.248,3.975,4.08,4.204
2022-11-01,4.258,4.05,4.05,4.124
2022-11-02,4.249,4.025,4.06,4.122
2022-11-03,4.35,4.025,4.12,4.152
2022-11-04,4.326,4.013,4.16,4.246
2022-11-07,4.393,3.983,4.21,4.313
2022-11-08,4.306,4.09,4.13,4.258
2022-11-09,4.285,4.093,4.15,4.32
2022-11-10,3.943,4.055,3.83,4.081
2022-11-11,3.938,4.063,3.81,4.058
2022-11-14,3.997,4.068,3.87,4.058
2022-11-15,3.922,4.13,3.8,3.982
2022-11-16,3.85,4.125,3.69,3.86
2022-11-17,3.937,4.113,3.78,3.89
2022-11-18,4.0,4.135,3.82,3.927
2022-11-21,4.008,4.098,3.83,3.905
2022-11-22,3.938,4.198,3.76,3.757
2022-11-23,3.892,4.2,3.71,3.739
2022-11-25,3.87,4.175,3.69,3.751
2022-11-28,3.896,4.183,3.7,3.75
2022-11-29,3.92,4.253,3.75,3.803
2022-11-30,3.832,4.253,3.7,3.822
2022-12-01,3.68,4.193,3.53,3.636
2022-12-02,3.666,4.208,3.51,3.562
2022-12-05,3.793,4.158,3.6,3.616
2022-12-06,3.733,4.22,3.51,3.523
2022-12-07,3.614,4.183,3.41,3.415
2022-12-08,3.71,4.15,3.49,3.455
2022-12-09,3.757,4.173,3.57,3.549
2022-12-12,3.802,4.168,3.61,3.576
2022-12-13,3.647,4.248,3.5,3.528
2022-12-14,3.654,4.22,3.5,3.539
2022-12-15,3.626,4.213,3.45,3.496
2022-12-16,3.617,4.163,3.48,3.533
2022-12-19,3.711,4.163,3.58,3.623
2022-12-20,3.784,4.23,3.68,3.737
2022-12-21,3.775,4.205,3.68,3.743
2022-12-22,3.787,4.208,3.67,3.723
2022-12-23,3.862,4.193,3.75,3.827
2022-12-27,3.963,4.195,3.86,3.944
2022-12-28,3.979,4.338,3.89,3.974
2022-12-29,3.955,4.295,3.84,3.924
2022-12-30,4.0,4.26,3.88,3.975
2023-01-03,3.945,4.255,3.79,3.893
2023-01-04,3.875,4.4,3.71,3.82
2023-01-05,3.91,4.498,3.72,3.798
2023-01-06,3.712,4.493,3.57,3.692
2023-01-09,3.651,4.483,3.52,3.65
2023-01-10,3.734,4.565,3.62,3.757
2023-01-11,3.67,4.555,3.55,3.679
2023-01-12,3.546,4.475,3.45,3.575
2023-01-13,3.614,4.488,3.51,3.623
2023-01-17,3.607,4.493,3.54,3.647
2023-01-18,3.433,4.53,3.38,3.542
2023-01-19,3.485,4.525,3.4,3.568
2023-01-20,3.567,4.538,3.48,3.656
2023-01-23,3.625,4.535,3.53,3.691
2023-01-24,3.584,4.573,3.47,3.623
2023-01-25,3.561,4.545,3.46,3.623
2023-01-26,3.588,4.543,3.49,3.628
2023-01-27,3.621,4.548,3.52,3.633
2023-01-30,3.683,4.535,3.55,3.66
2023-01-31,3.638,4.57,3.53,3.661
2023-02-01,3.495,4.52,3.4,3.547
2023-02-02,3.483,4.51,3.4,3.555
2023-02-03,3.666,4.523,3.53,3.628
2023-02-06,3.814,4.533,3.63,3.67
2023-02-07,3.844,4.57,3.67,3.705
2023-02-08,3.818,4.585,3.65,3.71
2023-02-09,3.882,4.613,3.68,3.74
2023-02-10,3.924,4.635,3.74,3.827
2023-02-13,3.926,4.645,3.72,3.79
2023-02-14,4.003,4.66,3.76,3.8
2023-02-15,4.04,4.643,3.81,3.854
2023-02-16,4.048,4.665,3.84,3.904
2023-02-17,4.036,4.68,3.83,3.888
2023-02-21,4.175,4.688,3.96,3.977
2023-02-22,4.151,4.695,3.92,3.966
2023-02-23,4.105,4.69,3.88,3.877
2023-02-24,4.21,4.703,3.95,3.9380002
2023-02-27,4.173,4.665,3.92,3.918
2023-02-28,4.168,4.71,3.92,3.9310002
2023-03-01,4.263,4.725,3.99,3.953
2023-03-02,4.325,4.723,4.07,4.021
2023-03-03,4.253,4.718,3.96,3.887
2023-03-06,4.271,4.728,3.98,3.913
2023-03-07,4.315,4.845,3.98,3.888
2023-03-08,4.336,4.883,3.98,3.878
2023-03-09,4.221,4.848,3.93,3.871
2023-03-10,3.954,4.803,3.7,3.7
2023-03-13,3.666,4.658,3.52,3.666
2023-03-14,3.798,4.68,3.64,3.761
2023-03-15,3.578,4.558,3.49,3.687
2023-03-16,3.742,4.53,3.59,3.714
2023-03-17,3.466,4.293,3.4,3.598
2023-03-20,3.575,4.465,3.48,3.663
2023-03-21,3.746,4.605,3.61,3.737
2023-03-22,3.573,4.563,3.5,3.698
2023-03-23,3.417,4.503,3.41,3.682
2023-03-24,3.409,4.503,3.38,3.644
2023-03-27,3.595,4.583,3.53,3.76
2023-03-28,3.66,4.628,3.56,3.78
2023-03-29,3.675,4.63,3.57,3.778
2023-03-30,3.66,4.665,3.55,3.746
2023-03-31,3.61,4.585,3.49,3.689
2023-04-03,3.529,4.57,3.43,3.64
2023-04-04,3.388,4.728,3.34,3.59
2023-04-05,3.34,4.705,3.29,3.558
2023-04-06,3.357,4.71,3.29,3.54
2023-04-10,3.519,4.838,3.42,3.626
2023-04-11,3.55,4.88,3.43,3.62
2023-04-12,3.476,4.86,3.42,3.65
2023-04-13,3.507,4.855,3.45,3.687
2023-04-14,3.61,4.903,3.52,3.739
2023-04-17,3.69,4.923,3.59,3.805
2023-04-18,3.675,5.03,3.57,3.787
2023-04-19,3.72,4.995,3.6,3.789
2023-04-20,3.64,4.945,3.55,3.753
2023-04-21,3.661,4.95,3.57,3.778
2023-04-24,3.605,4.873,3.52,3.728
2023-04-25,3.44,4.953,3.4,3.65
2023-04-26,3.48,4.985,3.43,3.689
2023-04-27,3.6,5.0,3.53,3.756
2023-04-28,3.536,4.923,3.45,3.678
2023-05-01,3.63,4.865,3.57,3.818
2023-05-02,3.466,5.04,3.44,3.73
2023-05-03,3.41,5.095,3.4,3.715
2023-05-04,3.276,5.055,3.35,3.72
2023-05-05,3.419,5.08,3.45,3.76
2023-05-08,3.5,5.083,3.52,3.835
2023-05-09,3.495,5.123,3.52,3.848
2023-05-10,3.37,5.065,3.44,3.799
2023-05-11,3.359,5.015,3.4,3.748
2023-05-12,3.45,5.028,3.46,3.777
2023-05-15,3.469,5.0,3.51,3.84
2023-05-16,3.52,5.058,3.55,3.87
2023-05-17,3.59,5.088,3.58,3.878
2023-05-18,3.698,5.125,3.65,3.9
2023-05-19,3.748,5.085,3.69,3.948
2023-05-22,3.767,5.095,3.72,3.97
2023-05-23,3.748,5.153,3.7,3.951
2023-05-24,3.782,5.185,3.72,3.965
2023-05-25,3.896,5.163,3.81,4.0
2023-05-26,3.938,5.115,3.81,3.969
2023-05-30,3.826,5.143,3.7,3.9
2023-05-31,3.74,5.248,3.64,3.856
2023-06-01,3.7,5.203,3.61,3.833
2023-06-02,3.84,5.215,3.69,3.88
2023-06-05,3.83,5.143,3.69,3.89
2023-06-06,3.856,5.158,3.7,3.87
2023-06-07,3.919,5.15,3.78,3.94
2023-06-08,3.856,5.1,3.71,3.88
2023-06-09,3.92,5.095,3.75,3.887
2023-06-12,3.917,5.095,3.77,3.907
2023-06-13,4.02,5.1,3.84,3.94
2023-06-14,4.009,5.08,3.8,3.88
2023-06-15,3.92,5.055,3.73,3.848
2023-06-16,3.99,5.065,3.77,3.855
2023-06-20,3.96,5.075,3.73,3.818
2023-06-21,3.955,5.135,3.72,3.808
2023-06-22,4.046,5.135,3.8,3.87
2023-06-23,3.995,5.138,3.74,3.82
2023-06-26,3.96,5.155,3.72,3.819
2023-06-27,4.03,5.18,3.77,3.84
2023-06-28,3.97,5.17,3.71,3.8
2023-06-29,4.14,5.175,3.85,3.91
2023-06-30,4.13,5.15,3.82,3.855
2023-07-03,4.19,5.145,3.86,3.87
2023-07-05,4.255,5.19,3.95,3.94
2023-07-06,4.366,5.21,4.04,4.0
2023-07-07,4.337,5.21,4.05,4.03
2023-07-10,4.246,5.225,4.01,4.04
2023-07-11,4.239,5.24,3.98,4.019
2023-07-12,4.07,5.23,3.86,3.95
2023-07-13,3.935,5.22,3.76,3.895
2023-07-14,4.03,5.215,3.82,3.92
2023-07-17,4.0,5.23,3.8,3.92
2023-07-18,4.0,5.248,3.79,3.9
2023-07-19,3.97,5.245,3.74,3.839
2023-07-20,4.1,5.24,3.85,3.91
2023-07-21,4.09,5.248,3.84,3.907
2023-07-24,4.127,5.25,3.86,3.92
2023-07-25,4.19,5.265,3.91,3.955
2023-07-26,4.08,5.268,3.85,3.928
2023-07-27,4.25,5.268,4.01,4.058
2023-07-28,4.195,5.255,3.97,4.03
2023-07-31,4.179,5.248,3.96,4.019
2023-08-01,4.25,5.26,4.05,4.11
2023-08-02,4.24,5.26,4.08,4.17
2023-08-03,4.3,5.26,4.19,4.3
2023-08-04,4.16,5.25,4.06,4.21
2023-08-07,4.15,5.26,4.08,4.26
2023-08-08,4.11,5.28,4.03,4.2
2023-08-09,4.13,5.28,4.01,4.18
2023-08-10,4.2,5.27,4.08,4.24
2023-08-11,4.31,5.27,4.17,4.27
2023-08-14,4.36,5.27,4.18,4.28
2023-08-15,4.38,5.28,4.22,4.32
2023-08-16,4.41,5.29,4.26,4.36
2023-08-17,4.44,5.28,4.31,4.41
2023-08-18,4.38,5.28,4.25,4.38
2023-08-21,4.46,5.28,4.34,4.46
2023-08-22,4.48,5.3,4.33,4.41
2023-08-23,4.36,5.3,4.2,4.28
2023-08-24,4.4,5.3,4.24,4.3
2023-08-25,4.43,5.32,4.24,4.29
2023-08-28,4.41,5.32,4.21,4.29
2023-08-29,4.28,5.32,4.12,4.24
2023-08-30,4.27,5.32,4.12,4.23
2023-08-31,4.24,5.3,4.09,4.2
2023-09-01,4.29,5.27,4.17,4.29
2023-09-05,4.38,5.28,4.27,4.38
2023-09-06,4.44,5.3,4.29,4.36
2023-09-07,4.38,5.28,4.26,4.35
2023-09-08,4.4,5.29,4.26,4.33
2023-09-11,4.41,5.29,4.29,4.38
2023-09-12,4.41,5.31,4.26,4.35
2023-09-13,4.39,5.31,4.25,4.34
2023-09-14,4.42,5.3,4.29,4.39
2023-09-15,4.45,5.3,4.32,4.41
2023-09-18,4.46,5.3,4.32,4.4
2023-09-19,4.52,5.31,4.37,4.43
2023-09-20,4.51,5.32,4.35,4.4
2023-09-21,4.62,5.31,4.48,4.55
2023-09-22,4.57,5.31,4.44,4.52
2023-09-25,4.62,5.31,4.54,4.66
2023-09-26,4.63,5.33,4.56,4.7
2023-09-27,4.7,5.33,4.63,4.73
2023-09-28,4.64,5.31,4.6,4.73
2023-09-29,4.61,5.3,4.57,4.71
2023-10-02,4.72,5.32,4.68,4.8
2023-10-03,4.8,5.34,4.8,4.94
2023-10-04,4.72,5.34,4.74,4.88
2023-10-05,4.68,5.33,4.72,4.89
2023-10-06,4.75,5.35,4.78,4.94
2023-10-09,4.755,5.348,4.797,4.965
2023-10-10,4.619,5.323,4.655,4.831
2023-10-11,4.605,5.335,4.595,4.738
2023-10-12,4.701,5.335,4.712,4.871
2023-10-13,4.644,5.328,4.629,4.78
2023-10-16,4.717,5.328,4.712,4.866
2023-10-17,4.872,5.34,4.847,4.95
2023-10-18,4.925,5.33,4.904,4.995
2023-10-19,4.961,5.31,4.988,5.103
2023-10-20,4.862,5.3,4.924,5.089
2023-10-23,4.793,5.293,4.838,4.989
2023-10-24,4.824,5.308,4.84,4.963
2023-10-25,4.918,5.315,4.953,5.092
2023-10-26,4.797,5.3,4.845,4.988
2023-10-27,4.77,5.305,4.845,5.023
2023-10-30,4.804,5.313,4.875,5.035
2023-10-31,4.816,5.32,4.875,5.022
2023-11-01,4.705,5.3,4.789,4.975
2023-11-02,4.636,5.27,4.669,4.821
2023-11-03,4.488,5.253,4.558,4.752
2023-11-06,4.609,5.26,4.662,4.832
2023-11-07,4.538,5.273,4.571,4.735
2023-11-08,4.522,5.268,4.523,4.656
2023-11-09,4.64,5.263,4.63,4.777
2023-11-10,4.666,5.25,4.628,4.733
2023-11-13,4.663,5.26,4.632,4.744
2023-11-14,4.421,5.253,4.441,4.621
2023-11-15,4.526,5.255,4.535,4.692
2023-11-16,4.428,5.243,4.445,4.622
2023-11-17,4.455,5.233,4.441,4.597
2023-11-20,4.441,5.238,4.422,4.575
2023-11-21,4.419,5.255,4.418,4.58
2023-11-22,4.44,5.265,4.416,4.547
2023-11-24,4.492,5.253,4.472,4.603
2023-11-27,4.413,5.258,4.389,4.533
2023-11-28,4.286,5.26,4.336,4.524
2023-11-29,4.219,5.24,4.271,4.451
2023-11-30,4.298,5.238,4.352,4.513
2023-12-01,4.156,5.215,4.226,4.418
2023-12-04,4.238,5.223,4.288,4.438
2023-12-05,4.137,5.243,4.171,4.305
2023-12-06,4.121,5.243,4.121,4.224
2023-12-07,4.11,5.233,4.129,4.246
2023-12-08,4.255,5.233,4.245,4.325
2023-12-11,4.251,5.233,4.239,4.33
2023-12-12,4.227,5.248,4.206,4.304
2023-12-13,4.003,5.223,4.033,4.183
2023-12-14,3.91,5.215,3.93,4.054
2023-12-15,3.93,5.225,3.928,4.027
2023-12-18,3.948,5.225,3.954,4.069
2023-12-19,3.933,5.238,3.922,4.035
2023-12-20,3.874,5.23,3.877,4.005
2023-12-21,3.882,5.21,3.894,4.036
2023-12-22,3.879,5.208,3.901,4.054
2023-12-26,3.875,5.203,3.886,4.043
2023-12-27,3.795,5.235,3.789,3.945
2023-12-28,3.847,5.218,3.85,3.988
2023-12-29,3.84,5.18,3.866,4.019
2024-01-02,3.926,5.213,3.946,4.085
2024-01-03,3.891,5.235,3.907,4.056
2024-01-04,3.973,5.228,3.991,4.137
2024-01-05,4.008,5.22,4.042,4.2
2024-01-08,3.956,5.22,4.002,4.173
2024-01-09,3.979,5.23,4.019,4.185
2024-01-10,3.981,5.225,4.03,4.2
2024-01-11,3.893,5.218,3.977,4.182
2024-01-12,3.832,5.198,3.95,4.197
2024-01-16,3.944,5.203,4.066,4.303
2024-01-17,4.025,5.215,4.106,4.312
2024-01-18,4.049,5.2,4.144,4.371
2024-01-19,4.072,5.198,4.146,4.353
2024-01-22,4.017,5.2,4.094,4.316
2024-01-23,4.051,5.21,4.142,4.378
2024-01-24,4.083,5.21,4.178,4.413
2024-01-25,4.017,5.195,4.132,4.38
2024-01-26,4.061,5.2,4.16,4.39
2024-01-29,3.993,5.2,4.091,4.335
2024-01-30,3.997,5.203,4.059,4.278
2024-01-31,3.882,5.188,3.967,4.215
2024-02-01,3.799,5.2,3.863,4.103
2024-02-02,3.993,5.21,4.033,4.227
2024-02-05,4.121,5.228,4.164,4.345
2024-02-06,4.042,5.223,4.09,4.296
2024-02-07,4.061,5.223,4.11,4.31
2024-02-08,4.124,5.218,4.17,4.376
2024-02-09,4.151,5.22,4.187,4.381
2024-02-12,4.128,5.228,4.172,4.37
2024-02-13,4.318,5.233,4.316,4.466
2024-02-14,4.245,5.218,4.267,4.448
2024-02-15,4.217,5.218,4.24,4.421
2024-02-16,4.288,5.223,4.295,4.448
2024-02-20,4.251,5.213,4.275,4.449
2024-02-21,4.303,5.235,4.325,4.492
2024-02-22,4.331,5.233,4.327,4.462
2024-02-23,4.285,5.24,4.26,4.38
2024-02-26,4.327,5.25,4.299,4.418
2024-02-27,4.322,5.245,4.315,4.441
2024-02-28,4.273,5.24,4.274,4.41
2024-02-29,4.262,5.223,4.252,4.375
2024-03-01,4.159,5.215,4.18,4.326
2024-03-04,4.21,5.223,4.219,4.355
2024-03-05,4.138,5.225,4.137,4.275
2024-03-06,4.117,5.23,4.104,4.24
2024-03-07,4.084,5.228,4.092,4.248
2024-03-08,4.062,5.228,4.089,4.262
2024-03-11,4.088,5.24,4.104,4.277
2024-03-12,4.155,5.24,4.155,4.312
2024-03-13,4.186,5.238,4.192,4.349
2024-03-14,4.296,5.238,4.298,4.443
2024-03-15,4.322,5.238,4.304,4.428
2024-03-18,4.356,5.238,4.34,4.466
2024-03-19,4.303,5.238,4.297,4.441
2024-03-20,4.242,5.228,4.273,4.455
2024-03-21,4.253,5.228,4.271,4.442
2024-03-22,4.2,5.22,4.218,4.392
2024-03-25,4.233,5.218,4.253,4.426
2024-03-26,4.225,5.218,4.234,4.4
2024-03-27,4.188,5.215,4.196,4.359
2024-03-28,4.22,5.203,4.206,4.349
2024-04-01,4.338,5.218,4.329,4.468
2024-04-02,4.354,5.213,4.365,4.509
2024-04-03,4.338,5.21,4.355,4.509
2024-04-04,4.292,5.203,4.309,4.472
2024-04-05,4.368,5.215,4.378,4.532
2024-04-08,4.434,5.223,4.424,4.553
2024-04-09,4.377,5.22,4.366,4.499
2024-04-10,4.615,5.243,4.56,4.635
2024-04-11,4.623,5.238,4.576,4.66
2024-04-12,4.533,5.23,4.499,4.602
2024-04-15,4.645,5.238,4.628,4.741
2024-04-16,4.682,5.233,4.659,4.758
2024-04-17,4.617,5.24,4.585,4.699
2024-04-18,4.686,5.243,4.647,4.745
2024-04-19,4.657,5.245,4.615,4.711
2024-04-22,4.661,5.245,4.623,4.724
2024-04-23,4.622,5.245,4.598,4.723
2024-04-24,4.667,5.255,4.652,4.784
2024-04-25,4.717,5.245,4.706,4.82
2024-04-26,4.692,5.238,4.669,4.781
2024-04-29,4.639,5.243,4.614,4.738
2024-04-30,4.723,5.245,4.686,4.79
2024-05-01,4.614,5.25,4.595,4.713
2024-05-02,4.567,5.238,4.571,4.718
2024-05-03,4.482,5.235,4.5,4.661
2024-05-06,4.483,5.24,4.489,4.642
2024-05-07,4.471,5.243,4.463,4.607
2024-05-08,4.501,5.245,4.492,4.632
2024-05-09,4.46,5.24,4.449,4.606
2024-05-10,4.518,5.243,4.504,4.646
2024-05-13,4.499,5.24,4.481,4.623
2024-05-14,4.458,5.235,4.445,4.594
2024-05-15,4.356,5.24,4.356,4.516
2024-05-16,4.399,5.243,4.377,4.518
2024-05-17,4.441,5.24,4.42,4.56
2024-05-20,4.457,5.24,4.437,4.573
2024-05-21,4.436,5.24,4.414,4.554
2024-05-22,4.473,5.245,4.434,4.551
2024-05-23,4.526,5.245,4.475,4.58
2024-05-24,4.528,5.245,4.467,4.573
2024-05-28,4.588,5.248,4.542,4.656
2024-05-29,4.642,5.25,4.624,4.744
2024-05-30,4.572,5.248,4.554,4.685
2024-05-31,4.528,5.245,4.514,4.652
2024-06-03,4.417,5.243,4.402,4.551
2024-06-04,4.352,5.24,4.336,4.484
2024-06-05,4.306,5.24,4.289,4.441
2024-06-06,4.292,5.233,4.281,4.43
2024-06-07,4.456,5.238,4.43,4.548
2024-06-10,4.484,5.233,4.469,4.595
2024-06-11,4.418,5.245,4.404,4.537
2024-06-12,4.302,5.243,4.295,4.45
2024-06-13,4.234,5.24,4.238,4.4
2024-06-14,4.226,5.24,4.213,4.351
2024-06-17,4.3,5.243,4.279,4.41
2024-06-18,4.234,5.235,4.217,4.354
2024-06-20,4.266,5.225,4.254,4.392
2024-06-21,4.271,5.215,4.257,4.398
2024-06-24,4.271,5.21,4.248,4.378
2024-06-25,4.263,5.223,4.238,4.372
2024-06-26,4.336,5.23,4.316,4.447
2024-06-27,4.301,5.223,4.288,4.427
2024-06-28,4.329,5.213,4.343,4.502
2024-07-01,4.44,5.218,4.479,4.643
2024-07-02,4.396,5.228,4.436,4.609
2024-07-03,4.322,5.23,4.355,4.523
2024-07-05,4.218,5.225,4.272,4.468
2024-07-08,4.225,5.218,4.269,4.458
2024-07-09,4.248,5.225,4.3,4.495
2024-07-10,4.239,5.225,4.28,4.47
2024-07-11,4.123,5.198,4.193,4.404
2024-07-12,4.111,5.198,4.189,4.402
2024-07-15,4.132,5.193,4.229,4.454
2024-07-16,4.09,5.193,4.167,4.374
2024-07-17,4.072,5.195,4.146,4.359
2024-07-18,4.105,5.193,4.189,4.406
2024-07-19,4.163,5.193,4.239,4.45
2024-07-22,4.179,5.19,4.26,4.478
2024-07-23,4.15,5.173,4.239,4.471
2024-07-24,4.161,5.17,4.286,4.548
2024-07-25,4.147,5.16,4.256,4.5
2024-07-26,4.082,5.155,4.2,4.456
2024-07-29,4.068,5.147,4.178,4.433
2024-07-30,4.037,5.135,4.143,4.4
2024-07-31,4.0,5.135,4.109,4.369
2024-08-01,3.842,5.115,3.976,4.271
2024-08-02,3.615,5.03,3.792,4.109
2024-08-05,3.628,5.06,3.785,4.072
2024-08-06,3.73,5.08,3.888,4.177
2024-08-07,3.795,5.08,3.968,4.261
2024-08-08,3.833,5.083,3.997,4.287
2024-08-09,3.796,5.075,3.942,4.225
2024-08-12,3.749,5.073,3.909,4.197
2024-08-13,3.682,5.053,3.852,4.165
2024-08-14,3.666,5.063,3.82,4.108
2024-08-15,3.799,5.08,3.926,4.18
2024-08-16,3.768,5.075,3.892,4.149
2024-08-19,3.759,5.063,3.867,4.115
2024-08-20,3.7,5.033,3.818,4.07
2024-08-21,3.639,5.005,3.778,4.051
2024-08-22,3.727,5.025,3.862,4.134
2024-08-23,3.65,5.0,3.807,4.102
2024-08-26,3.664,4.998,3.818,4.108
2024-08-27,3.657,4.968,3.833,4.128
2024-08-28,3.665,4.955,3.841,4.131
2024-08-29,3.668,4.965,3.867,4.151
2024-08-30,3.715,4.968,3.911,4.196
2024-09-03,3.656,4.97,3.844,4.131
2024-09-04,3.566,4.948,3.768,4.067
2024-09-05,3.54,4.932,3.731,4.023
2024-09-06,3.489,4.908,3.71,4.02
2024-09-09,3.487,4.895,3.697,3.999
2024-09-10,3.428,4.835,3.646,3.955
2024-09-11,3.447,4.875,3.653,3.963
2024-09-12,3.466,4.84,3.68,3.995
2024-09-13,3.424,4.763,3.65,3.977
2024-09-16,3.405,4.745,3.621,3.937
2024-09-17,3.433,4.735,3.642,3.953
2024-09-18,3.465,4.615,3.685,4.008
2024-09-19,3.503,4.593,3.74,4.072
2024-09-20,3.484,4.545,3.728,4.071
2024-09-23,3.496,4.503,3.739,4.082
2024-09-24,3.479,4.495,3.736,4.089
2024-09-25,3.518,4.487,3.781,4.134
2024-09-26,3.559,4.468,3.791,4.124
2024-09-27,3.503,4.482,3.749,4.098
2024-09-30,3.577,4.498,3.802,4.134
2024-10-01,3.521,4.482,3.743,4.08
2024-10-02,3.553,4.473,3.785,4.132
2024-10-03,3.635,4.465,3.85,4.18
2024-10-04,3.813,4.505,3.981,4.267
2024-10-07,3.869,4.525,4.026,4.306
2024-10-08,3.864,4.528,4.033,4.321
2024-10-09,3.908,4.535,4.067,4.339
2024-10-10,3.919,4.53,4.096,4.386
2024-10-11,3.879,4.515,4.073,4.383
2024-10-14,3.9,4.518,4.098,4.409
2024-10-15,3.86,4.515,4.038,4.329
2024-10-16,3.842,4.503,4.016,4.299
2024-10-17,3.909,4.515,4.096,4.395
2024-10-18,3.876,4.513,4.073,4.38
2024-10-21,3.976,4.518,4.182,4.487
2024-10-22,4.005,4.5,4.204,4.493
2024-10-23,4.057,4.505,4.242,4.516
2024-10-24,4.019,4.487,4.2,4.465
2024-10-25,4.051,4.51,4.232,4.499
2024-10-28,4.108,4.482,4.278,4.53
2024-10-29,4.104,4.48,4.274,4.519
2024-10-30,4.127,4.463,4.266,4.48
2024-10-31,4.155,4.432,4.284,4.473
2024-11-01,4.209,4.4,4.361,4.558
2024-11-04,4.167,4.418,4.309,4.494
2024-11-05,4.172,4.423,4.289,4.45
2024-11-06,4.272,4.43,4.426,4.602
2024-11-07,4.192,4.42,4.341,4.543
2024-11-08,4.192,4.423,4.306,4.477
2024-11-11,4.195,4.415,4.308,4.475
2024-11-12,4.314,4.423,4.432,4.577
2024-11-13,4.301,4.39,4.451,4.637
2024-11-14,4.292,4.383,4.418,4.583
2024-11-15,4.298,4.393,4.428,4.601
2024-11-18,4.277,4.403,4.414,4.606
2024-11-19,4.246,4.408,4.379,4.565
2024-11-20,4.275,4.41,4.406,4.592
2024-11-21,4.305,4.413,4.432,4.622
2024-11-22,4.298,4.415,4.41,4.595
2024-11-25,4.172,4.405,4.265,4.447
2024-11-26,4.19,4.395,4.302,4.48
2024-11-27,4.113,4.385,4.242,4.427
2024-11-29,4.055,4.373,4.178,4.366
2024-12-02,4.095,4.38,4.196,4.361
2024-12-03,4.106,4.357,4.223,4.394
2024-12-04,4.062,4.345,4.18,4.347
2024-12-05,4.076,4.33,4.18,4.336
2024-12-06,4.034,4.295,4.151,4.331
2024-12-09,4.072,4.293,4.199,4.39
2024-12-10,4.097,4.285,4.221,4.408
2024-12-11,4.134,4.255,4.271,4.479
2024-12-12,4.176,4.223,4.324,4.547
2024-12-13,4.248,4.218,4.399,4.615
2024-12-16,4.254,4.228,4.397,4.608
2024-12-17,4.248,4.24,4.385,4.579
2024-12-18,4.38,4.232,4.494,4.659
2024-12-19,4.425,4.22,4.57,4.74
2024-12-20,4.38,4.215,4.524,4.716
2024-12-23,4.445,4.215,4.599,4.784
2024-12-24,4.438,4.2,4.591,4.765
2024-12-26,4.433,4.215,4.579,4.762
2024-12-27,4.456,4.178,4.619,4.811
2024-12-30,4.37,4.182,4.545,4.763
2024-12-31,4.38,4.208,4.573,4.786
2025-01-02,4.38,4.208,4.575,4.798
2025-01-03,4.41,4.193,4.596,4.814
2025-01-06,4.422,4.19,4.618,4.838
2025-01-07,4.465,4.203,4.683,4.91
2025-01-08,4.467,4.205,4.693,4.932
2025-01-10,4.593,4.213,4.776,4.965
2025-01-13,4.617,4.218,4.803,4.986
2025-01-14,4.59,4.213,4.788,4.984
2025-01-15,4.444,4.205,4.653,4.879
2025-01-16,4.396,4.195,4.606,4.844
2025-01-17,4.414,4.193,4.609,4.845
2025-01-21,4.397,4.197,4.574,4.802
2025-01-22,4.426,4.215,4.599,4.814
2025-01-23,4.442,4.213,4.638,4.869
2025-01-24,4.428,4.205,4.626,4.848
2025-01-27,4.326,4.188,4.528,4.77
2025-01-28,4.345,4.19,4.551,4.79
2025-01-29,4.357,4.188,4.555,4.79
2025-01-30,4.311,4.182,4.512,4.758
2025-01-31,4.364,4.188,4.569,4.813
2025-02-03,4.357,4.19,4.543,4.771
2025-02-04,4.318,4.213,4.513,4.748
2025-02-05,4.243,4.21,4.422,4.642
2025-02-06,4.273,4.213,4.44,4.65
2025-02-07,4.334,4.228,4.487,4.69
2025-02-10,4.333,4.228,4.493,4.711
2025-02-11,4.37,4.225,4.537,4.75
2025-02-12,4.484,4.228,4.637,4.835
2025-02-13,4.386,4.213,4.525,4.732
2025-02-14,4.324,4.213,4.472,4.693
2025-02-18,4.393,4.213,4.544,4.762
2025-02-19,4.37,4.218,4.535,4.765
2025-02-20,4.342,4.205,4.5,4.738
2025-02-21,4.258,4.197,4.42,4.669
2025-02-24,4.23,4.19,4.393,4.648
2025-02-25,4.133,4.182,4.298,4.557
2025-02-26,4.077,4.193,4.249,4.507
2025-02-27,4.103,4.195,4.285,4.554
2025-02-28,4.028,4.193,4.231,4.516
2025-03-03,3.991,4.193,4.18,4.464
2025-03-04,4.003,4.195,4.21,4.517
2025-03-05,4.056,4.205,4.265,4.557
2025-03-06,4.061,4.197,4.286,4.58
2025-03-07,4.093,4.197,4.317,4.616
2025-03-10,3.974,4.185,4.213,4.539
2025-03-11,4.042,4.195,4.288,4.603
2025-03-12,4.079,4.197,4.318,4.633
2025-03-13,4.028,4.188,4.274,4.597
2025-03-14,4.082,4.188,4.308,4.615
2025-03-17,4.098,4.188,4.306,4.599
2025-03-18,4.07,4.195,4.281,4.579
2025-03-19,4.03,4.19,4.256,4.568
2025-03-20,4.007,4.182,4.233,4.557
2025-03-21,4.01,4.18,4.25,4.6
2025-03-24,4.1,4.18,4.33,4.66
2025-03-25,4.06,4.18,4.31,4.66
2025-03-26,4.08,4.19,4.34,4.68
2025-03-27,4.1,4.19,4.37,4.73
2025-03-28,3.98,4.19,4.26,4.63
2025-03-31,3.98,4.19,4.25,4.61
2025-04-01,3.91,4.2,4.16,4.52
2025-04-02,3.95,4.2,4.2,4.55
2025-04-03,3.76,4.18,4.05,4.49
2025-04-04,3.71,4.16,3.98,4.39
2025-04-07,3.84,4.15,4.16,4.59
2025-04-08,3.91,4.18,4.26,4.72
2025-04-09,4.1,4.23,4.4,4.79
2025-04-10,4.04,4.2,4.39,4.85
2025-04-11,4.16,4.21,4.49,4.88
2025-04-14,4.0,4.2,4.36,4.8
2025-04-15,3.96,4.2,4.32,4.78
2025-04-16,3.91,4.21,4.28,4.75
2025-04-17,3.94,4.2,4.33,4.81
2025-04-21,3.96,4.21,4.41,4.91
2025-04-22,3.98,4.21,4.39,4.88
2025-04-23,4.01,4.21,4.39,4.83
2025-04-24,3.93,4.2,4.3,4.76
2025-04-25,3.88,4.19,4.27,4.74
2025-04-28,3.82,4.19,4.22,4.69
2025-04-29,3.78,4.19,4.17,4.65
2025-04-30,3.75,4.19,4.18,4.68
2025-05-01,3.81,4.18,4.23,4.74
2025-05-02,3.93,4.21,4.32,4.8
2025-05-05,3.94,4.21,4.34,4.83
2025-05-06,3.9,4.21,4.31,4.81
2025-05-07,3.87,4.22,4.28,4.77
2025-05-08,3.99,4.22,4.37,4.84
2025-05-09,3.99,4.22,4.38,4.83
2025-05-12,4.1,4.28,4.46,4.89
2025-05-13,4.12,4.28,4.5,4.94
2025-05-14,4.16,4.28,4.53,4.97
2025-05-15,4.07,4.26,4.45,4.92
2025-05-16,4.06,4.24,4.44,4.9
2025-05-19,4.081,4.24,4.475,4.94
2025-05-20,4.067,4.248,4.481,4.967
2025-05-21,4.157,4.235,4.596,5.09
2025-05-22,4.113,4.232,4.553,5.065
2025-05-23,4.08,4.23,4.51,5.03
2025-05-27,4.023,4.203,4.434,4.94
2025-05-28,4.065,4.225,4.477,4.975
2025-05-29,4.0,4.23,4.42,4.92
2025-05-30,3.98,4.23,4.42,4.93
2025-06-02,4.02,4.23,4.46,4.99
2025-06-03,4.03,4.24,4.46,4.98
2025-06-04,3.93,4.24,4.36,4.89
2025-06-05,3.99,4.23,4.39,4.88
2025-06-06,4.13,4.23,4.51,4.96
2025-06-09,4.09,4.24,4.48,4.95
