Date,AGG,AGIH,AGRH,AGZ,BEMB,BGRN,BMOIX,BYLD,CEMB,CMF,EAGG,ELQD,EMB,EMHY,EUSB,FALN,FIBR,FLOT,GBF,GHYG,GNMA,GOVT,GOVZ,GVI,HYBB,HYDB,HYG,HYGH,HYGI,HYGW,HYXF,HYXU,IAGG,IBDQ,IBDR,IBDS,IBDT,IBDU,IBDV,IBDW,IBDX,IBHE,IBHF,IBHG,IBHH,IBHI,IBMN,IBMO,IBMP,IBMQ,IBMR,IBTF,IBTG,IBTH,IBTI,IBTJ,IBTK,IBTL,IBTM,ICSH,ICVT,IEF,IEI,IGBH,IGEB,IGIB,IGLB,IGOV,IGSB,ILTB,IMTB,ISHG,ISTB,IUSB,LEMB,LQD,LQDB,LQDH,LQDI,LQDW,MEAR,MUB,NEAR,NYF,QLTA,SGOV,SHV,SHY,SHYG,SLQD,STIP,SUB,SUSB,SUSC,TFLO,TIP,TLH,TLT,TLTW,USHY,USIG
2015-05-01,85.03,,,92.41,,,7.83,17.45,32.96,47.09,,,70.09,26.24,,,71.94,39.72,89.82,30.77,39.96,20.83,,89.83,,,53.94,53.11,,,,37.64,,18.2,,,,,,,,,,,,,,,,,,,,,,,,,,40.19,,86.95,104.03,,,40.26,39.31,43.99,41.44,41.49,,74.04,39.57,38.52,37.17,84.57,,64.55,,,43.09,86.01,39.87,43.9,38.54,,92.26,71.9,28.04,39.8,78.71,93.31,,,41.86,87.28,105.66,94.83,,,39.68
2015-06-01,84.11,,,92.06,,,7.75,17.23,32.12,46.77,,,68.82,25.72,,,71.29,39.7,88.57,30.38,39.71,20.65,,89.36,,,52.93,51.66,,,,37.51,,17.79,,,,,,,,,,,,,,,,,,,,,,,,,,40.13,35.21,85.53,103.55,,,39.93,37.96,43.76,41.41,40.11,,74.86,39.51,38.12,36.75,82.98,,64.12,,,42.98,85.71,39.89,43.65,37.85,,92.26,71.92,27.76,39.71,78.68,93.44,,,41.83,86.39,103.55,90.97,,,39.09
2015-07-01,84.84,,,92.44,,,7.8,17.36,32.32,47.39,,,68.92,25.66,,,71.31,39.71,89.45,29.97,40.1,20.86,,89.7,,,52.67,51.99,,,,37.47,,18.02,,,,,,,,,,,,,,,,,,,,,,,,,,40.08,34.69,86.83,104.24,,,40.07,38.66,43.77,41.39,41.37,,73.56,39.59,38.34,35.63,83.67,,63.42,,,43.07,86.68,39.91,44.11,38.32,,92.25,71.95,27.49,39.82,78.51,93.75,,,41.74,86.85,106.14,95.1,,,39.42
2015-08-01,84.55,,,92.57,,,7.79,17.27,31.66,47.34,,,68.14,25.1,,,71.33,39.69,89.25,29.31,39.97,20.85,,89.56,,,51.86,50.75,,,,37.78,,17.91,,,,,,,,,,,,,,,,,,,,,,,,,,40.34,33.3,86.9,104.2,,,39.89,37.89,44.04,41.39,40.63,,74.57,39.54,38.21,34.47,82.98,,63.29,,,43.27,86.58,39.88,44.0,38.21,,92.26,71.91,27.09,39.73,78.23,93.52,,,41.72,86.03,105.57,94.44,,,39.02
2015-09-01,85.24,,,93.05,,,7.84,17.21,30.8,47.83,,,67.41,24.62,,,71.26,39.61,89.74,28.93,40.13,21.04,,90.17,,,50.31,48.96,,,,36.85,,18.0,,,,,,,,,,,,,,,,,,,,,,,,,,40.34,32.47,88.27,105.33,15.77,,40.08,38.3,44.38,41.45,41.0,,74.51,39.66,38.22,33.39,83.97,,62.81,,,43.42,87.33,39.94,44.41,38.49,,92.28,72.12,26.46,39.76,78.17,93.84,,,41.78,85.58,107.51,96.3,,,39.37
2015-10-01,85.3,,,93.03,,,7.84,17.33,31.7,47.95,,,69.05,25.63,,,71.68,39.59,90.08,29.71,40.13,20.98,,90.02,,,51.94,50.68,,,,37.6,,18.11,,,,,,,,,,,,,,,,,,,,,,,,,,40.26,34.25,87.71,104.83,16.13,,40.24,38.76,44.2,41.55,41.39,,73.91,39.66,38.33,34.74,84.45,,63.46,,,43.29,87.64,39.92,44.73,38.84,,92.26,72.02,27.1,39.87,78.17,94.11,,,41.81,85.83,106.67,95.91,,,39.62
2015-11-01,84.97,,,92.72,,,7.82,17.12,31.51,48.13,,,69.26,25.69,,,71.45,39.63,89.54,29.07,40.11,20.89,,89.84,,,50.64,49.45,,,,36.26,40.39,18.11,,,,,,,,,,,,,,,,,,,,,,,,,,40.36,33.84,87.33,104.39,15.94,,40.15,38.58,43.08,41.51,41.18,,71.74,39.54,38.31,34.04,84.32,,63.25,,,43.24,88.08,39.97,44.91,38.75,,92.24,71.83,26.61,39.92,78.0,93.97,,,41.8,85.71,106.25,95.08,,,39.46
2015-12-01,84.8,,,92.74,,,7.79,17.04,30.84,48.54,,,68.21,25.17,,,71.19,39.68,89.17,28.07,40.15,20.84,,89.5,,,49.63,48.66,,,,35.94,40.16,18.06,,,,,,,,,,,,,,,,,,,,,,,,,,40.26,33.67,86.93,104.1,15.99,,39.93,37.95,43.72,41.42,40.64,,73.21,39.44,38.01,33.92,83.41,,63.38,,,43.34,88.98,39.99,45.24,38.58,,92.23,71.72,26.21,39.92,77.89,94.1,,,42.05,84.84,105.86,94.8,,,39.17
2016-01-01,85.86,,,93.29,,,7.89,17.08,30.73,49.01,,,68.23,25.08,,,71.19,39.61,90.41,27.64,40.68,21.29,,90.56,,,48.84,47.26,,,,35.87,40.9,18.11,,,,,,,,,,,,,,,,,,,,,,,,,,40.12,30.25,89.83,106.33,15.31,,40.15,38.09,44.23,41.5,41.55,,72.69,39.59,38.29,33.44,83.51,,60.85,,,43.39,89.66,40.0,45.67,38.92,,92.3,72.19,25.92,39.96,78.28,94.4,,,41.82,86.17,109.78,100.08,,,39.25
2016-02-01,86.62,,,93.91,,,7.95,17.31,31.09,49.02,,,69.43,25.45,,,71.35,39.53,91.16,27.98,40.77,21.49,,91.12,,,49.57,47.37,,,,35.33,41.12,18.39,,,,,,,,,,,,,,,,,,,,,,,,,,40.21,31.19,91.16,106.92,14.91,,40.39,38.66,45.58,41.58,42.57,,74.26,39.73,38.69,33.46,84.39,,60.45,,,43.53,89.68,40.02,45.66,39.36,,92.33,72.27,26.26,39.86,78.48,94.62,,,41.84,87.23,111.82,103.17,,,39.62
2016-03-01,87.37,,,94.36,,,8.02,17.6,33.16,49.2,,,71.73,26.59,,,72.47,39.7,92.13,29.24,40.65,21.51,,91.77,,,50.83,48.64,,,,38.32,41.49,18.84,,,,,,,,,,,,,,,,,,,,,,,,,,40.46,32.59,91.1,107.18,15.7,,41.0,40.72,47.39,41.84,43.85,,77.05,40.1,39.2,36.56,87.44,,62.72,,,43.48,90.08,40.09,45.8,40.21,,92.37,72.37,26.76,40.24,79.28,94.39,,,41.87,88.68,111.97,103.07,,,40.71
2016-04-01,87.6,,,94.42,,,8.06,17.84,34.48,49.65,,,72.85,27.31,,,73.5,39.81,92.43,30.32,40.77,21.46,,91.89,,,52.42,50.06,,,,39.06,41.38,19.06,,,,,,,,,,,,,,,,,,,,,,,,,,40.36,32.72,90.96,107.03,16.42,,41.26,41.62,48.19,41.97,44.48,,78.29,40.29,39.46,37.11,88.8,,63.86,,,43.48,90.68,40.18,46.2,40.69,,92.42,72.4,27.31,40.5,79.28,94.5,,,41.88,88.87,111.55,102.31,,,41.22
2016-05-01,87.61,,,94.42,,,8.06,17.72,34.25,49.75,,,72.69,27.22,,,73.93,39.84,92.38,30.15,40.99,21.48,,91.75,,,52.51,50.44,,,,38.84,41.77,19.11,,,,,,,,,,,,,,,,,,,,,,,,,,40.52,33.73,90.87,106.79,16.06,,41.23,41.43,47.08,41.97,44.55,,76.35,40.27,39.49,35.68,88.34,,63.6,,,43.58,90.93,40.18,46.32,40.49,,92.41,72.31,27.58,40.47,79.2,94.43,,,41.88,88.29,111.87,103.13,,,41.14
2016-06-01,89.3,,,95.5,,,8.2,18.08,34.63,50.6,,,75.72,28.31,,15.77,74.57,39.94,94.77,30.42,41.29,21.95,,93.24,,,53.45,50.57,,,30.89,37.97,42.62,19.59,,,,,,,,,,,,,,,,,,,,,,,,,,40.47,32.91,93.68,108.73,16.01,,41.84,43.48,48.57,42.26,47.19,,77.06,40.67,40.29,37.77,91.07,,63.38,,,43.65,92.4,40.27,47.07,41.47,,92.5,72.75,27.94,40.78,79.94,94.75,,,41.9,90.28,116.55,110.28,,,42.16
2016-07-01,89.79,,,95.66,,,8.25,18.13,34.95,50.5,,,76.76,28.86,,16.08,75.1,39.97,95.18,31.03,41.25,22.05,,93.35,,,54.15,51.41,,,31.37,38.82,42.99,19.83,,,,,,,,,,,,,,,,,,,,,,,,,,40.43,35.42,93.91,108.8,16.42,,42.15,44.62,49.2,42.31,47.78,,77.73,40.78,40.68,38.16,92.25,,64.4,,,43.7,92.36,40.32,47.02,41.84,,92.5,72.72,28.3,40.94,79.86,95.01,,,41.93,90.86,117.32,112.6,,,42.62
2016-08-01,89.6,,,95.52,,,8.23,18.24,35.12,50.65,,,77.77,29.28,,16.54,75.5,40.1,95.03,31.64,41.2,21.89,,93.03,,,55.22,52.66,,,31.98,39.37,43.05,19.77,,,,,,,,,,,,,,,,,,,,,,,,,,40.55,35.46,92.96,108.01,16.32,,42.09,44.81,48.6,42.28,47.95,,77.05,40.68,40.66,38.09,92.42,,64.57,,,43.67,92.47,40.38,47.11,41.84,,92.5,72.55,28.69,40.89,79.59,94.98,,,41.92,90.54,116.0,111.46,,,42.74
2016-09-01,89.64,,,95.56,,,8.23,18.31,35.2,50.31,,,78.1,29.45,,16.71,75.82,40.14,94.82,31.94,41.31,21.89,,93.22,,,55.81,53.09,,,31.83,39.44,43.08,19.74,19.37,,,,,,,,,,,,,,,,,,,,,,,,,40.55,35.64,93.18,108.38,16.26,,42.13,44.33,49.0,42.28,47.5,,78.12,40.77,40.61,38.61,92.13,,64.39,,,43.68,91.95,40.41,46.82,41.74,,92.57,72.64,28.93,40.91,80.18,94.63,,,41.94,91.22,115.64,109.78,,,42.66
2016-10-01,88.91,,,95.22,,,8.17,18.19,34.99,49.84,,,76.75,29.28,,16.76,75.58,40.19,93.86,31.68,41.25,21.66,,92.78,,,55.26,53.04,,,32.22,38.62,42.45,19.55,19.08,,,,,,,,,,,,,,,,,,,,,,,,,40.56,35.69,91.79,107.71,16.27,,41.95,43.16,46.93,42.25,46.11,,75.81,40.72,40.34,37.88,90.72,,64.92,,,43.66,91.06,40.44,46.3,41.24,,92.6,72.6,28.9,40.84,80.18,94.58,,,41.93,90.73,113.0,104.97,,,42.2
2016-11-01,86.63,,,93.54,,,7.97,17.97,34.45,47.7,,,73.44,28.32,,16.68,74.31,40.22,91.36,31.24,40.55,21.02,,91.07,,,55.27,53.98,,,31.7,37.46,41.96,18.95,18.39,,,,,,,,,,,,,,,,,,,,,,,,,40.56,36.83,87.91,105.35,16.52,,41.11,40.84,44.48,42.07,43.37,37.45,72.9,40.35,39.39,35.45,87.84,,65.14,,,43.45,87.33,40.49,44.59,40.16,,92.54,72.26,29.0,40.51,79.76,93.5,,,41.95,88.85,107.07,96.35,,,41.01
2016-12-01,86.85,,,93.69,,,7.98,18.04,34.63,48.47,,,74.53,29.02,,17.0,74.72,40.3,91.27,31.96,40.55,21.02,,91.27,,,56.29,55.07,,,31.92,37.77,42.21,18.95,18.46,,,,,,,,,,,,,,,,,,,,,,,,,40.62,36.95,87.81,105.37,17.13,,41.26,41.7,44.1,42.16,43.82,37.45,71.65,40.49,39.53,36.05,88.58,,66.37,,,43.48,88.83,40.55,45.06,40.23,,92.61,72.31,29.5,40.61,80.02,94.02,,,41.99,88.81,106.76,95.9,,,41.35
2017-01-01,87.03,,,93.93,,,8.0,18.13,35.13,48.43,,,75.82,29.46,,17.33,75.14,40.34,91.6,32.43,40.63,21.08,,91.45,,,56.8,55.58,,,32.52,38.8,41.7,19.09,18.52,,,,,,,,,,,,,,,,,,,,,,,,,40.74,38.25,88.0,105.68,17.24,,41.45,41.93,44.7,42.24,44.13,37.61,73.96,40.6,39.5,37.13,88.71,,66.53,,,43.52,89.06,40.59,45.4,40.24,,92.66,72.39,29.73,40.72,80.41,94.2,,,42.0,89.61,107.25,96.68,,,41.37
2017-02-01,87.6,,,94.17,,,8.05,18.27,35.78,48.73,,,77.09,30.01,,17.51,75.58,40.43,92.4,32.69,40.66,21.16,,91.8,,,57.67,56.42,,,33.16,38.57,42.2,19.33,18.74,,,,,,,,,,,,,,,,,,,,,,,,,40.91,38.92,88.64,105.96,17.4,,41.72,42.71,44.69,42.35,44.98,37.86,73.38,40.73,39.84,37.71,89.88,,67.05,,,43.79,89.53,40.63,45.67,40.74,,92.71,72.42,30.05,40.88,80.46,94.66,,,42.01,89.98,108.42,98.21,,,41.83
2017-03-01,87.55,,,94.27,,,8.04,18.28,35.51,49.0,,,77.49,30.05,,17.58,75.54,40.49,92.29,32.75,40.68,21.16,,91.84,,,57.59,56.33,,,32.58,38.69,42.17,19.32,18.63,,,,,,,,,,,,,,,,,,,,,,,,,40.85,39.23,88.71,106.07,17.34,,41.73,42.38,44.9,42.39,44.79,38.01,73.79,40.72,39.9,38.23,89.62,,67.1,,,43.86,89.82,40.7,45.78,40.63,,92.72,72.47,30.06,40.91,80.6,94.62,,,42.03,89.98,108.25,97.57,,,41.83
2017-04-01,88.34,,,94.81,,,8.1,18.43,36.08,49.25,,,78.81,30.71,,17.79,76.28,40.53,93.01,33.19,40.83,21.31,,92.47,,,58.06,56.56,,,33.47,39.89,42.45,19.54,18.94,,,,,,,,,,,,,,,,,,,,,,,,,40.86,39.68,89.69,106.77,17.35,,42.06,43.03,45.7,42.49,45.52,38.39,74.64,40.93,40.27,38.54,90.68,,67.04,,,43.81,90.3,40.76,46.04,40.97,,92.71,72.61,30.27,41.07,80.53,94.78,,,42.07,90.38,109.65,99.11,,,42.25
2017-05-01,88.95,,,95.29,,,8.17,18.58,36.16,50.04,,,79.41,30.83,,17.85,76.88,40.59,93.97,33.68,41.14,21.44,,92.96,,,58.66,56.92,,,33.65,41.38,42.7,19.75,19.16,,,,,,,,,,,,,,,,,,,,,,,,,40.94,40.35,90.43,107.24,17.43,,42.31,43.99,46.74,42.58,46.11,38.66,75.98,41.06,40.52,38.92,91.89,,67.25,,,43.84,91.69,40.78,46.78,41.37,,92.77,72.66,30.5,41.19,80.47,95.18,,,42.1,90.34,110.68,100.98,,,42.69
2017-06-01,88.93,,,95.17,,,8.16,18.61,36.2,49.85,,,78.84,30.62,,17.8,76.71,40.67,93.95,33.82,40.93,21.42,,92.66,,,58.74,57.22,,,33.67,42.24,42.46,19.73,19.16,,,,,,,,,,,,,,,,,,,,,,,,,40.98,40.32,89.97,106.91,17.84,,42.3,44.55,47.03,42.59,46.63,38.52,77.1,41.05,40.52,39.21,92.33,,68.05,,,43.86,91.3,40.86,46.64,41.54,,92.84,72.6,30.54,41.21,80.1,94.99,,,42.14,89.56,110.35,101.78,,,42.83
2017-07-01,89.23,,,95.45,,,8.19,18.7,36.53,50.25,,,79.77,30.89,,18.1,77.32,40.73,94.21,34.53,41.1,21.46,,93.15,,31.79,59.34,57.75,,,33.98,43.99,42.55,19.93,19.33,,,,,,,,,,,,,,,,,,,,,,,,,41.05,41.34,90.31,107.31,17.85,36.35,42.58,44.81,48.54,42.73,46.82,38.86,79.45,41.16,40.73,40.37,93.04,,68.48,,,43.93,92.1,40.94,46.93,41.89,,92.93,72.73,30.75,41.43,80.32,95.34,20.7,19.81,42.15,89.97,110.46,101.11,,,43.13
2017-08-01,90.07,,,96.02,,,8.26,18.84,36.94,50.7,,,81.36,31.47,,18.17,77.67,40.74,95.01,34.65,41.35,21.68,,93.71,,31.99,59.37,57.48,,,33.88,44.39,42.98,20.11,19.51,,,,,,,,,,,,,,,,,,,,,,,,,41.1,41.43,91.63,108.12,17.69,36.65,42.82,45.37,49.07,42.82,47.82,39.16,79.68,41.34,41.07,40.86,93.67,,67.99,,,44.04,92.84,41.0,47.28,42.21,,93.0,72.88,30.77,41.51,80.52,95.66,20.74,19.83,42.19,90.91,112.77,104.56,,,43.47
2017-09-01,89.56,,,95.52,,,8.22,18.82,37.03,50.46,,,81.21,31.45,,18.37,77.63,40.84,94.67,34.78,41.37,21.49,,93.29,,32.26,59.73,58.24,,,33.92,44.47,42.71,20.03,19.45,19.33,,,,,,,,,,,,,,,,,,,,,,,,41.13,42.22,90.31,107.26,18.07,36.52,42.72,45.31,48.43,42.79,47.38,38.96,78.82,41.28,40.91,40.58,93.62,,68.92,,,44.09,92.44,41.05,47.09,42.09,,93.06,72.74,30.94,41.5,80.45,95.37,20.78,19.94,42.2,90.27,110.88,102.13,,,43.37
2017-10-01,89.64,,,95.56,,,8.23,18.84,37.08,50.56,,,81.4,31.61,,18.46,77.75,40.9,94.65,34.75,41.37,21.44,,93.21,,32.35,59.78,58.49,,,34.11,44.23,43.25,20.11,19.5,19.48,,,,,,,,,,,,,,,,,,,,,,,,41.19,42.83,90.14,107.06,18.32,36.6,42.72,45.62,47.94,42.81,47.51,38.95,77.92,41.27,40.99,39.45,93.8,,69.47,,,44.05,92.53,41.08,47.13,42.2,,93.11,72.67,31.0,41.5,80.64,95.23,20.8,19.99,42.28,90.48,110.78,102.09,,26.77,43.39
2017-11-01,89.51,,,95.41,,,8.21,18.81,37.06,50.31,,,81.18,31.25,,18.41,77.55,40.96,94.47,34.76,41.26,21.42,,92.92,,32.38,59.56,58.49,,,34.1,44.89,43.21,20.02,19.4,19.44,,,,,,,,,,,,,,,,,,,,,,,,41.22,42.93,89.89,106.67,18.44,36.63,42.63,45.86,48.73,42.69,47.71,38.88,78.91,41.14,40.92,39.91,93.69,,69.57,,,43.94,92.09,41.1,46.82,42.13,,93.16,72.51,30.85,41.41,80.5,94.68,20.74,19.95,42.33,90.56,110.62,102.85,,26.67,43.36
2017-12-01,89.94,,,95.58,,,8.25,18.9,37.09,50.72,,,82.19,31.5,,18.48,77.62,40.96,95.01,34.83,41.26,21.48,,92.94,,32.51,59.71,58.58,,,34.14,45.21,43.09,20.15,19.56,19.6,,,,,,,,,,,,,,,,,,,,,,,,41.29,43.0,90.06,106.66,18.74,36.64,42.7,46.77,49.11,42.7,48.74,39.28,79.47,41.18,41.04,40.55,94.83,,70.35,,,43.96,93.03,41.12,47.32,42.52,,93.23,72.49,31.0,41.47,80.61,94.72,20.77,20.21,42.42,91.41,111.25,104.71,,26.79,43.73
2018-01-01,88.92,,,94.66,,,8.15,18.76,37.25,50.4,,,81.67,31.61,,18.8,76.96,41.12,93.9,35.42,40.8,21.19,,92.1,,32.63,59.74,59.37,,,34.22,46.91,42.96,19.86,19.25,19.29,,,,,,,,,,,,,,,,,,,,,,,,41.35,44.55,88.12,105.36,19.19,36.58,42.37,46.28,50.37,42.6,47.85,38.49,82.19,40.99,40.68,42.34,93.67,,71.23,,,43.93,91.96,41.22,46.81,42.02,,93.35,72.28,31.1,41.28,80.41,94.89,20.67,20.02,42.47,90.63,108.36,101.3,,26.93,43.32
2018-02-01,88.03,,,94.35,,,8.07,18.55,36.75,50.0,,,79.89,30.97,,18.16,76.28,41.17,92.78,34.87,40.46,21.05,,91.64,,32.35,59.22,59.19,,,33.97,45.75,43.14,19.58,18.93,18.99,,,,,,,,,,,,,,,,,,,,,,,,41.37,44.06,87.3,104.97,18.89,36.01,42.04,44.46,50.01,42.48,46.18,38.16,81.43,40.82,40.18,41.83,91.57,,70.61,,,43.94,91.41,41.23,46.56,41.24,,93.36,72.21,30.97,41.15,80.39,94.83,20.62,19.6,42.5,89.69,106.66,98.22,,26.73,42.6
2018-03-01,88.62,,,94.97,,,8.12,18.59,36.65,50.23,,,80.33,31.09,,18.29,76.2,41.17,93.42,34.86,40.68,21.2,,91.99,,32.19,59.08,58.84,,,33.6,46.07,43.64,19.64,18.97,19.02,,,,,,,,,,,,,,,,,,,,,,,,41.44,44.08,88.31,105.6,18.7,35.97,42.12,44.93,50.78,42.52,46.82,38.4,81.85,40.94,40.48,42.36,92.08,,70.2,,,43.96,91.86,41.28,46.66,41.34,,93.52,72.39,31.05,41.19,80.83,94.9,20.61,19.65,42.55,90.6,108.54,101.03,,26.58,42.75
2018-04-01,87.78,,,94.27,,,8.06,18.49,36.1,49.91,,,78.68,30.58,,18.25,76.02,41.32,92.54,34.82,40.46,21.04,,91.5,,32.19,59.36,59.66,,,33.99,45.53,43.54,19.41,18.77,18.69,,,,,,,,,,,,,,,,,,,,,,,,41.48,43.95,87.18,104.79,18.72,35.49,41.87,43.84,49.53,42.57,45.79,38.18,80.0,40.8,40.12,40.98,90.64,,70.29,,,44.08,91.22,41.35,46.47,40.91,,93.6,72.22,31.2,41.18,80.78,94.51,20.61,19.44,42.6,90.48,106.8,98.92,,26.57,42.33
2018-05-01,88.37,,,94.78,,,8.11,18.54,36.03,50.69,,,78.04,29.94,,18.31,76.4,41.4,93.13,34.28,40.9,21.2,,92.0,,32.28,59.39,59.43,,,34.02,43.29,43.5,19.54,18.88,18.86,,,,,,,,,,,,,,,,,,,,,,,,41.59,45.59,88.04,105.57,18.52,35.73,42.07,43.95,48.55,42.69,46.27,38.33,78.28,40.96,40.33,38.45,91.11,,69.98,19.7,,44.16,92.36,41.46,46.86,41.24,,93.75,72.47,31.23,41.37,81.05,95.07,20.66,19.57,42.68,90.78,108.08,100.9,,26.68,42.52
2018-06-01,88.46,,,94.92,,,8.11,18.52,35.83,50.64,,,76.88,29.47,,18.3,76.19,41.44,93.02,34.46,40.76,21.25,,92.03,,32.31,59.45,59.67,,,34.25,43.06,43.73,19.54,18.85,18.83,,,,,,,,,,,,,,,,,,,,,,,,41.7,45.39,88.21,105.56,18.43,35.53,42.02,43.63,48.42,42.7,45.99,38.28,77.69,40.98,40.3,37.31,90.67,,69.89,19.68,,44.34,92.49,41.5,46.97,41.07,,93.9,72.5,31.35,41.35,81.21,95.28,20.65,19.46,42.74,91.37,108.37,101.55,,26.69,42.37
2018-07-01,88.43,,,94.66,,,8.11,18.65,36.4,50.67,,,78.86,30.24,,18.51,76.64,41.54,93.11,34.91,40.82,21.15,,92.05,,32.75,60.45,60.89,,,34.64,43.82,43.68,19.66,18.96,18.94,,,,,,,,,,,,,,,,,,,,,,,,41.78,45.56,87.74,105.27,18.95,35.91,42.3,44.52,48.16,42.78,46.21,38.4,77.7,41.05,40.45,38.25,91.89,,71.27,20.11,,44.41,92.63,41.6,47.03,41.49,,94.02,72.46,31.72,41.48,81.06,95.63,20.72,19.6,42.8,90.88,107.41,100.09,,27.02,42.69
2018-08-01,88.93,,,95.2,,,8.16,18.7,35.78,50.85,,,77.03,28.92,,18.65,77.28,41.67,93.67,34.95,41.01,21.31,,92.49,,33.0,60.88,61.22,,,34.97,43.46,43.78,19.8,19.05,19.07,,,,,,,,,,,,,,,,,,,,,,,,41.89,47.3,88.63,105.98,18.75,36.08,42.49,44.39,47.78,42.98,46.49,38.8,77.33,41.19,40.63,35.54,91.91,,70.78,20.04,,44.35,92.77,41.72,47.13,41.54,,94.18,72.71,31.92,41.68,81.46,95.63,20.85,19.67,42.88,91.47,108.68,101.4,,27.22,42.91
2018-09-01,88.38,,,94.84,,,8.1,18.74,36.25,50.43,,,78.59,29.98,,18.73,77.01,41.73,93.18,35.26,40.84,21.11,,92.18,,33.13,61.2,61.72,,,35.08,43.72,43.71,19.69,18.99,18.96,19.96,,,,,,,,,,,,,,,,,,,,,,,41.96,47.25,87.56,105.28,19.15,35.9,42.35,44.36,47.38,42.94,46.08,38.53,76.76,41.18,40.44,36.28,91.78,,71.67,20.0,,44.48,92.14,41.77,46.88,41.38,,94.31,72.61,32.13,41.64,81.31,95.34,20.83,19.68,42.94,90.58,106.68,98.5,,27.33,42.79
2018-10-01,87.81,,,94.86,,,8.04,18.48,35.81,49.86,42.38,,76.61,29.59,,18.36,76.4,41.79,92.32,34.4,40.52,21.03,,92.0,,32.43,59.99,60.82,,,34.5,42.07,43.8,19.56,18.82,18.72,19.73,,,,,,,,,,,,,,,,,,,,,,,42.05,44.08,87.29,105.35,18.74,35.38,41.91,42.66,46.67,42.89,44.46,38.2,75.55,41.13,40.09,36.46,89.9,,70.9,19.63,,44.49,91.63,41.8,46.5,40.83,,94.48,72.72,31.68,41.58,80.92,95.22,20.8,19.37,43.02,89.2,105.53,95.61,,26.88,42.13
2018-11-01,88.27,,,95.35,,42.13,8.08,18.46,35.76,50.43,42.53,,76.24,29.53,,17.99,76.27,41.67,92.69,34.11,40.8,21.21,,92.43,,32.19,59.75,60.09,,,34.75,41.33,43.99,19.54,18.81,18.72,19.71,,,,,,,,,,23.26,,,,,,,,,,,,,42.1,44.7,88.45,106.22,18.17,35.35,41.88,42.34,46.9,42.9,44.7,38.38,75.57,41.24,40.3,37.2,89.57,,69.53,19.2,,44.54,92.64,41.83,46.97,40.78,,94.65,73.0,31.6,41.56,80.94,95.75,20.85,19.29,43.1,89.63,107.28,97.32,,26.62,42.06
2018-12-01,90.02,,,96.84,,42.54,8.24,18.61,36.14,51.22,43.29,,77.69,29.86,,17.56,76.9,41.57,94.51,33.51,41.61,21.53,,93.65,,31.48,58.5,58.08,,,34.06,41.72,44.55,19.66,19.01,19.06,20.04,,,,,,,,,,23.69,,,,,,,,,,,,,42.22,42.88,90.94,108.11,17.97,35.89,42.4,43.54,47.84,43.23,46.26,39.1,76.66,41.6,40.93,38.82,91.24,,68.8,19.32,,44.68,93.89,41.83,47.63,41.55,,94.84,73.56,31.01,41.92,81.04,96.47,20.97,19.58,43.16,90.11,111.67,103.01,,26.15,42.76
2019-01-01,90.84,,,97.16,,43.22,8.32,19.15,37.25,51.38,43.8,,81.41,31.57,,18.59,78.51,41.9,95.58,35.04,41.97,21.75,,94.42,,33.07,61.39,60.88,,,35.65,42.7,44.87,20.35,19.62,19.58,20.68,,,,,,,,,,24.0,,,,,,,,,,,,,42.37,45.76,91.53,108.67,18.55,36.79,43.63,45.15,48.5,43.78,47.6,39.71,77.1,41.96,41.43,40.95,94.31,,70.88,19.97,,44.73,94.25,42.05,47.86,42.54,,95.08,73.74,32.27,42.41,81.69,96.67,21.24,20.09,43.25,91.39,112.16,103.4,,27.39,43.78
2019-02-01,90.74,,,97.02,,43.34,8.32,19.24,37.71,51.52,43.71,,81.74,31.76,,18.88,78.96,42.08,95.42,35.61,41.92,21.69,,94.5,,33.53,62.14,61.68,,,36.14,43.22,45.04,20.41,19.64,19.59,20.61,,,,,,,,,,24.16,,,,,,,,,,,,,42.48,47.63,91.05,108.43,18.55,36.88,43.78,44.88,47.98,43.96,47.27,39.71,76.34,42.07,41.52,40.38,94.12,,71.11,20.05,,44.78,94.76,42.2,48.07,42.55,,95.23,73.8,32.59,42.53,81.79,96.79,21.33,20.09,43.3,91.23,111.26,101.98,,27.76,43.82
2019-03-01,92.66,,,98.5,,44.24,8.48,19.61,38.25,52.41,44.63,,82.97,31.79,,19.14,80.36,42.23,97.56,35.88,42.5,22.13,,95.79,,33.85,62.94,61.88,,,36.54,43.05,45.91,20.85,20.14,20.11,21.17,,,,,,,,,,24.37,,,,,,,,,,,,,42.6,47.46,93.47,110.12,18.63,37.83,44.89,47.02,48.4,44.45,49.41,40.45,75.86,42.48,42.29,39.51,96.88,,71.31,20.4,,44.89,96.16,42.35,48.77,43.52,,95.44,74.26,32.81,42.91,82.41,97.28,21.57,20.62,43.4,93.04,115.58,107.66,,28.06,44.93
2019-04-01,92.48,,,98.49,,44.46,8.48,19.68,38.43,52.64,44.62,,83.11,31.65,,19.43,80.8,42.38,97.54,36.26,42.49,22.03,,95.92,,34.45,63.56,62.59,,,36.93,43.57,46.01,20.95,20.25,20.22,21.28,,,,,,,,,,24.43,23.24,22.98,22.96,,,,,,,,,,42.72,48.86,92.99,110.06,18.95,37.94,45.1,47.11,48.04,44.57,49.06,40.46,75.54,42.58,42.37,39.47,97.3,,72.12,20.78,,44.91,96.67,42.46,49.07,43.49,,95.62,74.4,33.06,43.02,82.79,97.34,21.61,20.69,43.47,93.24,114.22,105.52,,28.42,45.09
2019-05-01,94.25,,,99.95,,44.99,8.63,19.81,38.64,53.41,45.38,,83.52,31.64,,19.09,81.26,42.47,99.46,35.62,42.92,22.57,,97.22,,33.75,62.33,60.61,,,36.47,42.73,46.49,21.2,20.52,20.56,21.61,,,,,17.18,,,,,24.77,23.64,23.39,23.27,,,,,,,,,,42.86,46.69,95.82,112.05,18.41,38.55,45.69,48.19,48.72,44.89,51.06,41.02,75.53,42.92,42.96,39.29,98.91,,70.95,20.77,,45.1,98.03,42.61,49.76,44.21,,95.85,74.94,32.59,43.27,83.24,97.91,21.78,20.89,43.58,94.87,119.5,112.74,,27.95,45.69
2019-06-01,95.28,,,100.58,,45.93,8.74,20.27,39.49,53.62,46.0,,86.47,32.93,,19.61,82.34,42.57,100.86,36.69,43.38,22.75,,98.13,,34.84,64.3,62.17,,,37.44,44.41,47.24,21.65,21.0,21.09,22.21,,,,,17.73,,,,,24.86,23.72,23.44,23.49,,,,,,,,,,42.99,48.94,96.99,113.03,18.82,39.68,46.8,50.21,50.19,45.33,52.54,41.52,76.82,43.28,43.54,41.67,102.12,,72.35,21.41,,45.18,98.43,42.73,49.88,45.21,,96.08,75.28,33.24,43.67,83.73,98.19,21.99,21.51,43.61,95.59,120.93,113.81,,28.78,46.81
2019-07-01,95.45,,,100.62,,46.59,8.75,20.35,39.9,54.03,46.08,,87.1,33.16,,19.83,82.67,42.68,100.98,36.47,43.52,22.75,,98.13,,35.2,64.4,62.42,,,37.7,43.54,47.98,21.68,21.11,21.14,22.27,,,,,17.76,,,,,25.13,23.96,23.68,23.73,,,,,,,,,,43.07,49.93,97.03,112.85,18.88,39.83,46.98,50.6,49.55,45.39,52.95,41.71,75.54,43.29,43.66,41.75,102.38,,72.43,21.56,,45.3,99.15,42.81,50.31,45.3,,96.24,75.23,33.3,43.69,83.8,98.72,22.02,21.59,43.69,95.89,121.3,114.1,,28.84,46.97
2019-08-01,98.11,,,102.73,,47.61,8.99,20.77,40.05,54.89,47.31,,88.45,32.19,,19.94,83.34,42.78,104.41,36.74,43.85,23.51,,99.95,,35.57,64.84,61.98,,,38.03,43.56,48.91,22.08,21.61,21.74,23.01,,,,,17.91,,,,,25.37,24.34,24.12,24.23,,,,,,,,,,43.21,48.69,100.86,115.21,18.44,41.07,48.19,53.63,50.54,45.86,56.71,42.37,75.32,43.67,44.69,39.54,106.35,,71.6,22.16,,45.39,100.67,42.94,50.98,46.81,,96.45,75.82,33.38,44.11,84.23,98.88,22.27,22.21,43.76,98.12,129.36,126.71,,29.05,48.5
2019-09-01,97.51,,,102.3,,47.3,8.93,20.7,40.14,54.46,47.03,,87.48,32.46,,20.01,83.3,42.91,103.64,36.72,43.85,23.31,,99.52,,35.77,65.13,62.59,,,38.28,43.15,48.73,22.06,21.52,21.63,22.86,21.01,,,,18.03,,,,,25.11,24.08,23.83,23.96,,,,,,,,,,43.28,47.98,99.66,114.55,18.56,40.96,48.02,52.99,49.81,45.88,55.72,42.21,74.66,43.63,44.49,39.84,105.55,,72.12,21.77,,45.35,99.9,43.03,50.53,46.44,,96.59,75.72,33.54,44.13,84.13,98.57,22.26,22.05,43.82,97.04,127.03,123.31,,29.19,48.21
2019-10-01,97.71,,,102.39,,47.06,8.96,20.79,40.57,54.55,47.13,,87.99,32.84,,20.02,83.88,43.02,103.78,37.03,44.0,23.31,,99.91,,35.93,65.12,62.58,,,38.38,44.16,48.46,22.21,21.67,21.75,22.99,21.2,,,,18.01,,,,,25.24,24.13,23.87,23.96,,,,,,,,,,43.4,48.92,99.85,114.88,18.83,41.15,48.33,53.09,50.2,46.09,55.63,42.3,75.89,43.76,44.61,41.12,106.02,,72.84,21.97,,45.43,100.2,43.14,50.53,46.57,,96.85,75.96,33.54,44.3,84.3,98.95,22.35,22.24,43.89,97.01,126.41,121.94,,29.15,48.41
2019-11-01,97.68,,,102.44,,46.94,8.95,20.83,40.7,54.62,47.14,,87.15,32.69,,20.08,83.91,43.11,103.72,37.24,44.01,23.24,,99.71,,35.82,65.49,63.1,,,38.59,44.12,48.32,22.18,21.65,21.79,23.01,21.14,,,,18.13,,,,,25.24,24.14,23.87,23.94,,,,,,,,,,43.45,50.74,99.16,114.46,19.14,41.23,48.38,53.46,49.31,46.13,55.85,42.31,74.92,43.75,44.6,39.85,106.52,,73.73,22.19,,45.48,100.25,43.21,50.66,46.73,,96.92,75.92,33.56,44.31,84.43,99.04,22.35,22.34,43.97,97.29,125.44,121.44,,29.2,48.57
2019-12-01,97.63,,,102.18,,46.67,8.94,21.0,41.17,54.77,47.05,,89.72,33.73,,20.62,84.62,43.22,103.46,38.02,44.05,23.12,,99.78,,36.56,66.74,64.52,,,39.13,45.31,48.11,22.34,21.83,21.93,23.08,21.28,,,,18.48,,,,,25.32,24.2,23.94,24.02,,,,,,,,,,43.55,52.22,98.24,114.28,19.7,41.42,48.59,53.64,49.64,46.31,55.32,42.47,76.16,43.94,44.66,41.31,107.08,,75.34,22.38,,45.53,100.52,43.31,50.73,46.76,,97.08,76.03,34.09,44.48,85.0,99.3,22.45,22.4,44.04,97.63,122.95,117.56,,29.87,48.75
2020-01-01,99.62,,,103.85,,47.8,9.12,21.29,41.79,55.74,47.96,,90.83,34.08,,20.79,85.16,43.34,106.03,37.85,44.17,23.69,,101.27,,36.4,66.43,63.58,,,39.07,44.73,49.06,22.69,22.21,22.34,23.58,21.8,,,,18.38,,,,,25.74,24.68,24.47,24.62,,,,,,,,,,43.67,53.64,101.65,116.38,19.26,42.41,49.65,55.72,50.12,46.72,58.18,43.04,75.37,44.3,45.5,40.99,109.7,,74.35,22.77,,45.67,102.18,43.42,51.57,47.77,,97.23,76.47,34.05,44.83,85.43,99.83,22.65,22.94,44.14,99.72,130.01,126.6,,29.83,49.83
2020-02-01,101.19,,,105.48,,48.29,9.28,21.38,41.48,56.2,48.78,,89.69,32.92,,20.45,85.43,43.32,108.02,37.05,44.45,24.28,,102.51,,36.13,65.57,62.07,,,38.97,43.54,49.34,22.87,22.43,22.56,23.84,22.07,,,,18.07,,,,,25.8,24.85,24.67,24.89,,22.36,22.49,22.46,22.79,22.73,,,,43.75,52.65,104.66,118.58,18.6,42.69,50.23,56.69,50.13,47.08,60.14,43.52,75.2,44.6,46.07,40.02,110.9,,72.47,22.95,,45.76,103.18,43.53,51.92,48.4,,97.44,77.14,33.68,45.05,85.71,100.05,22.79,23.15,44.19,100.63,136.25,134.99,,29.5,50.32
2020-03-01,100.66,,,106.92,,46.45,9.24,20.29,35.98,54.31,48.81,,76.26,27.36,,17.22,81.48,41.51,107.02,32.49,45.44,25.03,,101.97,,31.94,59.0,55.39,,,36.32,37.83,48.2,21.6,21.06,20.77,21.93,20.19,,,,16.15,,,,,25.25,24.11,23.99,24.17,,23.06,23.25,23.37,23.65,23.69,,,,43.37,45.38,108.56,121.53,16.2,39.62,46.27,51.5,48.79,45.43,58.18,43.19,74.16,44.21,45.22,35.24,103.9,,65.3,20.35,,45.33,100.1,41.96,50.42,47.39,,97.85,78.1,30.26,43.89,84.38,99.1,22.08,21.87,44.23,98.87,143.94,143.6,,26.04,47.09
2020-04-01,102.39,,,107.2,,47.6,9.41,20.84,38.62,53.75,49.47,,79.61,28.43,,19.24,83.99,42.66,109.29,34.21,45.6,25.11,,103.75,,33.31,61.88,57.81,,,37.07,40.58,49.06,22.62,22.08,21.93,23.15,21.49,,,,16.93,,,,,25.19,24.15,23.74,23.89,,23.04,23.24,23.39,23.74,23.72,,,,43.8,51.25,108.86,121.68,16.95,42.06,48.93,54.42,49.27,46.68,60.03,43.63,74.51,44.69,46.02,36.11,108.94,,68.39,21.48,,45.51,98.73,42.7,49.73,48.73,,97.87,78.31,31.41,45.04,85.55,99.13,22.66,22.77,44.23,101.86,144.6,145.35,,27.31,49.06
2020-05-01,103.08,,,107.75,,47.64,9.45,21.16,40.18,56.18,49.7,,84.61,30.34,,20.07,85.09,42.98,110.03,35.93,45.66,25.07,,104.55,,34.46,63.7,59.26,,,37.93,41.98,49.18,23.16,22.62,22.55,23.74,22.05,,,,17.44,,,,,26.1,25.01,24.74,24.98,,23.11,23.33,23.41,23.79,23.77,,,,44.01,54.97,109.22,122.07,17.43,43.04,50.19,55.43,49.74,47.4,60.61,44.1,74.98,45.16,46.72,38.21,111.62,,70.23,21.93,,45.73,102.44,43.18,51.2,49.37,88.26,97.84,78.25,32.09,45.6,86.28,100.9,22.99,23.22,44.24,102.52,143.98,142.79,,28.29,50.14
2020-06-01,103.76,,,107.81,,48.25,9.51,21.27,41.0,56.07,50.07,,87.13,31.43,44.68,20.43,85.34,43.31,111.0,35.99,45.49,25.11,,105.16,,34.76,63.33,59.01,,,37.85,42.92,49.43,23.51,23.07,23.02,24.3,22.54,21.61,,,17.5,,,,,26.12,25.0,24.82,25.04,,23.15,23.37,23.47,23.8,23.79,,,,44.1,59.46,109.27,122.21,17.7,44.21,51.29,57.22,50.36,47.78,61.71,44.31,75.9,45.34,47.11,38.38,113.99,,71.24,22.55,,45.85,102.82,43.49,51.6,50.04,88.27,97.86,78.27,32.2,45.92,86.87,100.91,23.18,23.65,44.23,103.53,144.24,143.27,,28.46,51.19
2020-07-01,105.14,,,108.47,,48.99,9.65,21.66,42.18,56.87,50.72,,90.49,32.39,45.39,21.85,86.6,43.42,113.18,38.14,45.39,25.39,,105.84,,36.52,66.54,61.73,,,39.7,45.68,49.72,23.75,23.36,23.39,24.93,23.18,22.27,,,18.25,,,,,26.43,25.34,25.23,25.5,,23.24,23.5,23.64,23.98,24.01,22.64,,,44.17,63.86,110.2,122.68,18.28,45.37,52.26,60.35,52.75,48.17,65.17,44.8,78.85,45.6,47.88,39.83,117.53,,72.62,23.49,,45.96,104.3,43.6,52.22,51.33,88.28,97.86,78.34,33.5,46.16,87.46,101.52,23.36,24.33,44.23,105.94,148.27,149.62,,29.95,52.66
2020-08-01,104.28,,,108.17,,48.7,9.57,21.6,42.61,56.61,50.28,,91.14,33.07,45.1,21.92,86.45,43.47,111.61,38.3,45.43,25.08,,105.69,,36.82,66.52,61.9,,,39.64,47.06,49.42,23.85,23.39,23.39,24.78,23.03,22.1,,,18.35,,,,,26.38,25.29,25.12,25.34,,23.19,23.42,23.53,23.82,23.75,22.26,,,44.2,70.4,109.13,122.35,18.42,44.64,52.17,58.16,52.8,48.29,62.75,44.79,79.67,45.7,47.49,39.8,115.44,,72.99,23.77,,45.96,103.69,43.71,51.95,50.45,88.28,97.86,78.32,33.59,46.22,88.45,101.32,23.37,23.92,44.24,106.88,142.85,142.07,,30.06,52.0
2020-09-01,104.18,,,108.1,,49.12,9.56,21.5,42.27,56.52,50.21,,89.25,32.29,45.03,21.58,86.04,43.52,111.44,37.78,45.46,25.14,21.44,105.65,,36.46,65.9,61.33,,,39.43,45.61,49.69,23.78,23.33,23.33,24.69,22.93,22.06,,,18.26,,,,,26.4,25.31,25.12,25.3,,23.2,23.45,23.56,23.86,23.83,22.42,,,44.21,67.84,109.49,122.44,18.4,44.55,51.98,58.0,52.31,48.21,62.61,44.67,78.39,45.65,47.45,39.37,114.93,,72.73,23.62,,45.96,103.82,43.72,51.78,50.28,88.29,97.85,78.32,33.43,46.18,88.29,101.44,23.38,23.87,44.24,106.48,143.94,143.17,,29.79,51.85
2020-10-01,103.59,,,107.87,,49.41,9.51,21.47,42.02,56.17,49.92,,88.84,32.17,44.86,21.86,86.01,43.51,110.73,37.8,45.42,24.87,20.45,105.37,39.36,36.93,66.17,61.82,,,39.77,45.41,49.96,23.8,23.34,23.3,24.64,22.87,21.94,,,18.35,,,,,26.34,25.23,25.01,25.16,,23.11,23.38,23.35,23.69,23.67,22.21,,,44.21,68.06,107.98,121.91,18.72,44.57,51.88,57.35,52.41,48.28,61.5,44.52,78.15,45.64,47.27,39.22,114.34,,73.47,23.75,,45.99,103.28,43.78,51.6,49.93,88.29,97.87,78.28,33.54,46.21,88.15,101.1,23.36,23.8,44.24,105.76,139.9,138.32,,29.97,51.67
2020-11-01,104.84,,,108.1,,49.71,9.61,21.79,43.44,57.11,50.5,,92.59,34.0,45.33,23.01,86.88,43.58,112.27,39.51,45.48,24.99,20.91,105.89,40.61,38.47,68.39,63.7,,,40.92,48.68,50.06,24.05,23.61,23.75,25.18,23.41,22.56,,,18.91,19.16,,,,26.48,25.48,25.35,25.56,,23.14,23.35,23.39,23.65,23.57,22.09,,,44.24,77.9,108.35,122.08,19.59,45.79,53.0,60.79,53.7,48.59,64.19,44.88,79.89,45.89,47.89,41.11,118.65,,75.71,24.56,,46.0,104.96,43.85,52.44,51.27,88.3,97.85,78.3,34.59,46.43,88.63,101.48,23.5,24.51,44.24,107.04,141.38,140.62,,31.02,53.18
2020-12-01,104.93,,,108.08,,49.87,9.62,21.89,43.95,57.24,50.53,,94.58,35.02,45.38,23.68,87.42,43.59,112.53,40.56,45.59,24.8,20.6,106.14,41.33,39.26,69.72,64.87,,,41.5,50.15,50.33,24.19,23.77,23.89,25.3,23.49,22.65,,,19.24,19.5,,,,26.54,25.53,25.43,25.69,,23.17,23.38,23.41,23.62,23.52,22.0,,,44.25,84.07,108.09,122.22,19.92,46.08,53.27,60.78,55.04,48.79,64.23,45.12,81.86,46.03,48.07,42.59,118.83,,76.61,25.02,,46.07,105.66,43.92,52.85,51.26,88.3,97.87,78.33,35.16,46.59,89.41,101.79,23.58,24.55,44.24,108.21,139.89,138.9,,31.71,53.35
2021-01-01,104.15,,,108.02,,49.56,9.55,21.69,43.77,57.46,50.18,,92.9,34.54,45.1,23.64,87.18,43.7,111.12,40.39,45.48,24.68,19.48,105.75,41.13,39.27,69.46,64.81,,,41.19,49.9,50.02,24.09,23.66,23.86,25.08,23.21,22.31,,,19.18,19.45,,,,26.59,25.6,25.52,25.77,,23.12,23.28,23.26,23.43,23.27,21.71,,,44.26,86.93,106.91,121.88,19.88,45.52,52.84,59.13,54.17,48.75,62.37,44.98,81.09,46.04,47.79,42.14,116.66,,76.32,24.94,,46.06,106.02,43.97,52.99,50.46,88.31,97.86,78.35,35.11,46.52,89.86,101.84,23.55,24.2,44.25,108.5,135.73,133.85,,31.64,52.69
2021-02-01,102.57,,,107.2,,48.66,9.4,21.37,43.61,56.46,49.41,,90.07,34.26,44.46,23.63,85.88,43.72,108.93,40.41,45.06,24.23,17.99,104.72,41.04,39.51,69.29,65.29,,,41.05,49.93,49.18,23.87,23.4,23.52,24.69,22.76,21.78,,,19.29,19.49,,,,26.25,25.26,25.03,25.21,,22.9,22.96,22.79,22.94,22.72,21.09,,,44.27,90.51,104.38,120.54,20.12,44.78,52.02,57.16,52.69,48.61,59.69,44.43,80.78,45.87,47.08,41.13,114.02,,76.69,24.42,,46.05,104.37,43.99,52.37,49.44,88.31,97.86,78.3,35.33,46.41,90.02,101.46,23.48,23.77,44.25,106.67,128.6,126.18,,31.68,51.72
2021-03-01,101.4,,,106.57,,48.46,9.29,21.19,43.27,56.75,49.01,,89.41,33.92,44.01,23.7,85.36,43.68,107.4,40.43,45.1,23.88,16.68,103.9,41.14,39.77,70.13,66.44,,,41.26,49.01,49.13,23.79,23.21,23.25,24.35,22.42,21.41,,,19.53,19.74,,,,26.35,25.32,25.12,25.32,,22.78,22.76,22.47,22.52,22.24,20.74,,,44.29,85.63,101.89,119.53,20.47,44.18,51.27,55.78,51.38,48.52,57.9,44.08,78.46,45.85,46.62,40.07,112.33,,77.63,24.41,,46.12,104.97,44.01,52.51,48.72,88.31,97.85,78.26,35.76,46.34,90.52,101.68,23.45,23.41,44.26,106.39,123.39,119.56,,31.94,51.03
2021-04-01,102.14,,,106.95,,48.34,9.37,21.41,43.57,57.24,49.18,,91.56,34.76,44.36,23.96,86.0,43.67,108.38,40.99,45.24,24.05,17.25,104.53,41.49,40.09,70.58,66.6,,,41.58,50.25,49.11,23.96,23.42,23.5,24.62,22.65,21.61,,,19.64,19.87,,,,26.44,25.46,25.28,25.53,,22.87,22.88,22.65,22.73,22.45,20.82,,,44.32,87.78,102.91,120.1,20.4,44.67,51.8,56.69,52.26,48.71,59.13,44.4,80.11,45.98,46.98,40.84,113.5,,77.3,24.83,,46.11,105.76,44.03,53.03,49.21,88.32,97.85,78.3,36.0,46.51,91.3,101.85,23.54,23.65,44.25,107.91,125.76,122.54,,32.23,51.58
2021-05-01,102.35,,,107.24,,48.27,9.38,21.47,43.78,57.3,49.29,,92.45,35.23,44.42,24.05,86.11,43.73,108.75,41.35,45.07,24.1,17.29,104.85,41.54,40.14,70.61,66.54,,,41.59,51.14,49.06,24.06,23.53,23.6,24.71,22.79,21.78,,,19.72,19.93,,,,26.46,25.46,25.32,25.57,,22.93,22.96,22.76,22.84,22.53,20.83,,,44.32,85.85,103.35,120.5,20.26,44.9,52.09,57.03,52.81,48.86,59.33,44.45,80.86,46.1,47.08,41.55,114.21,87.21,77.39,25.19,,46.12,106.13,44.07,53.28,49.38,88.32,97.85,78.35,36.09,46.62,91.98,101.81,23.63,23.77,44.24,109.01,125.83,122.54,,32.26,51.78
2021-06-01,103.19,,,107.34,,48.53,9.46,21.61,44.06,57.44,49.68,,93.24,35.35,44.75,24.49,86.55,43.77,109.97,41.44,44.97,24.31,18.37,104.98,42.19,40.72,71.54,67.28,,,42.11,49.9,49.34,24.05,23.56,23.66,25.0,23.14,22.15,21.59,,19.87,20.11,,,,26.46,25.5,25.37,25.63,,22.85,22.92,22.8,22.93,22.71,21.04,,,44.34,89.06,104.41,120.33,20.41,45.65,52.68,59.23,51.7,48.84,61.52,44.65,78.95,46.05,47.47,41.08,116.74,88.87,77.8,25.64,,46.11,106.5,44.07,53.45,50.21,88.32,97.83,78.22,36.4,46.57,92.05,101.9,23.58,24.21,44.23,109.8,129.84,127.95,,32.77,52.69
2021-07-01,104.34,,,108.22,,49.43,9.56,21.79,44.1,57.78,50.24,,93.76,35.23,45.2,24.69,87.35,43.76,111.33,41.39,45.08,24.59,19.33,105.75,42.46,40.74,71.62,66.96,,,42.29,50.1,49.99,24.16,23.71,23.9,25.27,23.44,22.49,21.93,,19.85,20.08,19.83,,,26.62,25.64,25.54,25.83,,23.01,23.14,23.11,23.29,23.13,21.55,,,44.35,87.39,106.49,121.52,20.38,46.21,53.29,60.56,52.64,49.0,63.14,45.04,78.95,46.16,47.93,40.89,118.39,89.98,77.73,26.35,,46.14,106.99,44.09,53.7,50.83,88.32,97.83,78.35,36.37,46.7,93.26,102.14,23.66,24.53,44.24,112.74,134.16,132.71,,32.85,53.36
2021-08-01,104.14,,,108.23,,49.24,9.54,21.77,44.4,57.58,50.16,,94.6,35.72,45.13,24.87,87.36,43.76,111.07,41.52,45.01,24.57,19.29,105.58,42.71,40.93,72.05,67.47,,,42.54,49.9,49.92,24.12,23.68,23.87,25.2,23.38,22.38,21.87,,19.94,20.16,19.91,,,26.57,25.6,25.48,25.74,,22.96,23.08,23.04,23.21,23.04,21.44,22.66,,44.34,89.11,106.07,121.2,20.33,46.07,53.15,60.43,52.18,48.98,63.15,45.0,78.71,46.19,47.9,41.11,117.98,89.75,77.62,26.3,,46.14,106.78,44.11,53.54,50.67,88.32,97.81,78.33,36.55,46.68,93.28,102.09,23.65,24.45,44.24,112.56,133.87,132.26,,33.06,53.25
2021-09-01,103.18,,,107.6,,48.64,9.46,21.6,43.91,57.15,49.64,,92.11,34.74,44.75,24.81,86.66,43.83,109.85,41.2,44.96,24.3,18.55,104.9,42.58,40.86,71.79,67.56,,,42.32,48.81,49.27,24.03,23.58,23.73,24.93,23.09,22.09,21.5,,19.93,20.17,19.91,,,26.47,25.45,25.29,25.51,,22.86,22.9,22.78,22.91,22.71,21.03,22.21,,44.37,87.26,104.38,120.21,20.32,45.55,52.57,58.91,50.8,48.87,61.4,44.59,77.34,46.03,47.45,39.87,116.21,89.03,77.68,26.11,,46.11,106.03,44.13,53.14,49.99,88.33,97.81,78.25,36.53,46.6,93.24,101.83,23.6,24.13,44.23,111.68,130.45,128.42,,33.01,52.55
2021-10-01,103.17,,,107.19,,48.47,9.46,21.56,43.77,57.16,49.68,,92.25,34.39,44.7,24.89,86.55,43.8,109.96,41.07,44.82,24.29,19.42,104.46,42.5,40.97,71.56,67.77,,,42.15,48.56,49.13,23.9,23.4,23.53,24.86,23.05,22.06,21.49,,19.94,20.18,19.9,,,26.41,25.4,25.23,25.43,,22.69,22.72,22.59,22.73,22.58,21.01,22.15,,44.34,89.67,103.92,119.24,20.45,45.71,52.36,60.0,50.57,48.63,62.38,44.45,77.22,45.8,47.41,39.4,116.82,89.47,78.15,26.73,,46.07,105.98,44.09,53.07,50.18,88.32,97.79,77.99,36.56,46.39,93.89,101.71,23.48,24.25,44.23,112.92,131.29,131.59,,32.98,52.76
2021-11-01,103.45,,,107.36,,48.88,9.48,21.52,43.29,57.57,49.79,87.91,90.52,33.45,44.76,24.44,86.34,43.76,110.36,40.41,44.74,24.43,20.26,104.43,42.01,40.47,70.73,67.02,,,41.75,47.29,49.69,23.84,23.31,23.41,24.77,22.95,21.96,21.46,,19.78,19.98,19.74,,,26.42,25.47,25.34,25.58,,22.69,22.76,22.7,22.88,22.76,21.24,22.17,,44.34,85.11,105.05,119.58,20.35,45.59,52.24,60.14,50.33,48.47,62.96,44.39,76.13,45.71,47.46,38.14,116.69,88.85,77.53,26.61,,46.09,106.75,44.06,53.39,50.21,88.33,97.74,77.95,36.19,46.24,94.0,101.75,23.39,24.24,44.23,113.9,134.14,135.24,,32.57,52.71
2021-12-01,103.08,,,106.95,,48.47,9.44,21.61,43.69,57.68,49.88,87.68,92.47,34.36,44.8,24.96,86.54,43.79,109.94,41.22,44.74,24.52,19.6,104.12,42.86,41.27,72.34,68.64,,,42.58,48.26,49.39,23.83,23.34,23.52,24.81,23.01,22.05,21.54,,20.09,20.36,20.09,,,26.43,25.49,25.39,25.62,,22.63,22.67,22.6,22.8,22.68,21.17,22.24,,44.32,83.52,104.51,119.11,20.36,45.56,52.39,59.75,49.95,48.52,62.52,44.48,76.09,45.7,47.43,38.36,116.65,88.85,78.02,26.91,,46.09,106.74,44.05,53.56,50.07,88.34,97.77,77.78,36.78,46.31,94.49,101.82,23.42,24.16,44.23,114.35,132.36,132.52,,33.3,52.63
2022-01-01,101.02,,,105.72,,47.59,9.25,21.18,42.75,55.94,48.6,84.49,89.35,33.54,43.79,23.96,84.41,43.76,107.41,39.94,44.17,23.88,18.67,102.78,41.59,40.21,70.42,67.68,,,41.47,46.62,48.73,23.5,22.93,23.03,24.24,22.45,21.44,20.85,,19.89,19.96,19.69,,,25.85,24.82,24.62,24.81,,22.37,22.37,22.24,22.39,22.23,20.67,21.65,,44.3,77.48,102.3,117.41,20.05,44.16,51.11,56.85,48.65,47.93,59.68,43.62,75.04,45.2,46.42,38.62,112.46,85.94,76.91,25.77,,45.94,104.17,44.02,52.12,48.53,88.34,97.69,77.24,36.25,45.83,93.78,100.55,23.13,23.42,44.26,112.0,128.05,127.33,,32.35,51.1
2022-02-01,99.86,,,105.15,,46.56,9.15,20.9,40.34,55.76,48.06,82.88,84.41,31.84,43.3,23.51,83.07,43.75,106.16,39.44,43.95,23.7,18.2,102.01,41.07,39.89,69.82,67.33,,,40.89,45.31,48.07,23.33,22.75,22.82,23.92,22.12,21.1,20.48,,19.79,19.87,19.55,,,25.74,24.76,24.54,24.73,,22.23,22.24,22.15,22.31,22.12,20.6,21.72,,44.25,77.84,101.99,116.86,19.53,43.33,50.33,54.97,47.96,47.6,58.0,43.11,74.98,44.84,45.83,36.98,110.06,84.28,75.62,25.77,,45.92,103.62,43.89,51.99,47.72,88.34,97.65,76.91,36.14,45.6,94.84,100.36,22.97,22.95,44.28,112.96,126.83,125.25,,32.12,50.17
2022-03-01,97.05,,,102.65,,45.19,8.89,20.44,39.99,53.99,46.75,80.49,83.49,32.04,42.2,23.27,80.75,43.64,102.86,38.88,42.99,22.94,17.03,99.58,40.53,39.45,68.92,68.41,,,40.36,44.67,47.22,22.84,22.15,22.17,23.2,21.51,20.44,19.78,,19.68,19.72,19.42,20.53,20.55,25.32,24.22,23.91,23.99,,21.71,21.61,21.43,21.55,21.38,19.76,20.82,,44.14,78.14,97.85,113.13,19.82,42.17,48.69,53.07,46.14,46.69,55.78,41.95,73.41,44.03,44.6,36.1,106.87,82.56,76.42,25.63,,45.78,100.94,43.77,50.56,46.45,88.37,97.62,75.83,35.98,44.88,94.08,99.27,22.54,22.33,44.3,110.84,120.39,118.43,,31.69,48.69
2022-04-01,93.36,,,100.94,,43.39,8.55,19.7,38.81,52.41,44.9,75.19,77.92,30.59,40.56,22.13,76.54,43.65,98.8,36.9,41.54,22.26,14.82,97.6,38.88,38.12,66.04,66.75,,,38.57,41.16,46.13,22.52,21.6,21.5,22.37,20.49,19.31,18.57,,19.3,19.19,18.65,19.64,19.48,24.98,23.78,23.41,23.37,,21.48,21.25,20.94,20.92,20.68,18.98,19.88,,44.11,72.35,93.71,110.9,19.27,39.89,46.37,47.93,42.63,46.02,50.57,40.32,69.56,43.61,42.88,34.4,99.71,77.38,74.82,24.33,,45.69,98.4,43.7,49.12,43.98,88.39,97.59,75.45,35.1,44.35,93.99,98.47,22.21,21.07,44.4,108.42,111.0,107.27,,30.35,46.14
2022-05-01,94.07,,,101.59,,43.83,8.62,19.93,38.8,53.45,45.27,76.48,78.55,30.39,40.65,22.35,77.52,43.55,99.42,37.57,42.02,22.27,14.19,98.29,39.85,38.35,67.11,67.33,,,39.22,41.89,45.83,22.74,21.88,21.76,22.61,20.68,19.51,18.77,,19.4,19.29,18.82,19.76,19.66,25.34,24.17,23.84,23.82,,21.65,21.44,21.1,21.09,20.82,19.11,20.04,,44.18,69.21,94.29,111.7,19.63,40.32,46.95,48.78,42.61,46.42,50.79,40.71,70.31,43.76,43.13,34.57,101.57,78.44,75.83,24.48,,45.81,99.83,43.72,49.75,44.75,88.43,97.65,75.9,35.43,44.72,94.47,99.46,22.42,21.36,44.37,107.34,109.57,104.85,,30.86,46.82
2022-06-01,92.61,22.94,25.225,100.81,,43.0,8.48,19.33,37.28,52.63,44.49,74.07,73.71,28.17,40.14,20.87,75.29,43.19,97.9,34.59,41.22,22.08,14.01,97.23,37.22,35.73,62.38,63.18,20.78,,36.59,38.07,45.12,22.45,21.49,21.34,22.12,20.18,19.0,18.21,22.07,18.54,18.17,17.48,18.35,18.12,25.34,24.1,23.72,23.64,,21.51,21.28,20.94,20.9,20.66,18.94,19.84,,44.13,65.23,93.48,110.88,19.07,39.08,45.61,46.53,40.61,45.83,48.89,39.87,67.78,43.25,42.31,33.42,97.89,76.34,74.12,23.09,,45.8,98.37,43.59,48.99,43.51,88.51,97.58,75.45,33.61,44.23,93.06,99.51,22.13,20.7,44.4,104.0,108.01,103.51,,28.62,45.39
2022-07-01,94.96,23.91,22.37,102.06,,44.13,8.69,19.98,37.94,53.95,45.66,77.27,76.37,28.95,41.12,21.89,78.12,43.48,100.17,36.85,42.67,22.44,14.33,98.8,39.55,37.94,66.56,66.42,22.35,,38.98,39.81,46.48,22.79,22.03,21.98,22.81,20.94,19.79,19.0,23.11,19.3,19.08,18.57,19.52,19.45,25.63,24.52,24.24,24.21,,21.67,21.56,21.33,21.36,21.15,19.51,20.48,23.17,44.2,68.3,96.25,112.78,19.4,40.54,47.3,48.96,41.67,46.56,50.96,41.21,67.7,43.77,43.4,33.35,102.24,78.84,75.39,24.61,,45.94,100.59,43.71,50.2,45.08,88.55,97.67,75.76,35.2,44.85,94.76,100.26,22.47,21.43,44.51,108.48,111.2,106.03,,30.52,46.91
2022-08-01,92.07,23.18,22.34,100.33,,42.89,8.44,19.41,38.03,52.73,44.27,73.72,74.3,28.55,39.99,21.47,75.47,43.67,97.21,35.04,41.2,21.86,13.61,96.75,38.0,36.94,63.69,65.26,21.5,26.48,37.52,37.44,45.03,22.45,21.53,21.38,22.16,20.22,19.07,18.22,22.06,18.95,18.7,18.05,18.81,18.7,25.18,24.07,23.79,23.71,,21.35,21.08,20.76,20.69,20.42,18.75,19.64,22.22,44.29,69.18,92.54,109.78,19.21,39.21,45.67,46.41,38.91,45.85,48.51,39.85,65.41,43.14,42.2,33.16,97.71,76.37,74.78,23.59,25.18,45.86,98.14,43.79,48.99,43.36,88.74,97.79,75.15,34.29,44.25,93.27,99.14,22.12,20.69,44.56,105.55,106.13,101.2,25.74,29.34,45.36
2022-09-01,88.25,21.78,22.16,97.97,,41.31,8.09,18.81,36.32,50.78,42.43,69.51,69.42,27.0,38.38,20.52,72.48,43.69,93.28,33.53,39.12,21.12,12.1,94.1,36.65,35.51,61.31,64.74,20.41,25.86,35.89,35.34,43.77,22.05,20.99,20.71,21.26,19.4,18.12,17.24,20.81,18.58,18.17,17.38,18.08,17.76,24.73,23.48,23.06,22.92,,20.99,20.58,20.14,19.98,19.65,17.93,18.73,21.16,44.28,65.13,88.16,106.55,18.75,37.35,43.45,42.54,36.36,44.9,44.56,37.93,62.46,42.27,40.46,31.6,91.87,72.35,73.53,21.62,23.97,45.82,95.39,43.77,47.36,41.18,88.95,97.82,74.25,33.57,43.47,90.45,97.82,21.67,19.61,44.67,98.44,98.56,92.87,24.04,28.21,43.12
2022-10-01,87.13,22.01,22.25,97.31,,40.73,7.97,18.89,35.41,50.69,41.83,68.81,69.3,26.88,37.94,20.79,72.63,43.78,92.28,34.68,38.85,20.84,10.82,93.79,37.73,36.6,63.38,67.52,21.41,26.5,36.97,36.73,44.17,22.01,20.85,20.64,21.23,19.32,18.08,17.14,20.69,18.97,18.62,17.97,18.68,18.38,24.67,23.39,23.05,22.9,,20.96,20.5,20.05,19.83,19.46,17.71,18.43,20.75,44.33,66.82,86.88,106.01,18.86,37.17,43.22,41.54,36.68,44.79,43.0,37.54,63.19,42.21,40.0,31.53,91.19,71.89,74.38,22.05,23.63,45.87,94.58,43.75,47.1,40.71,89.13,97.97,74.16,34.51,43.47,91.49,97.83,21.6,19.44,44.79,99.84,94.55,87.33,22.65,29.1,42.69
2022-11-01,90.44,22.59,22.49,98.99,,42.23,8.27,19.44,37.95,53.25,43.51,73.28,76.29,29.78,39.28,21.65,75.14,44.08,95.84,36.43,40.37,21.4,11.97,95.92,38.98,37.74,65.55,68.5,21.89,26.99,38.13,40.19,45.21,22.4,21.44,21.3,22.06,20.15,18.99,18.1,21.9,19.43,19.2,18.58,19.22,18.97,25.28,24.07,23.79,23.81,,21.17,20.86,20.47,20.37,20.04,18.3,19.12,21.52,44.54,68.04,90.02,108.39,19.65,39.11,45.27,45.68,39.59,45.74,46.87,39.1,66.64,42.96,41.74,33.9,97.25,75.74,76.61,23.16,24.15,46.07,99.16,43.99,49.53,43.01,89.39,98.3,74.67,35.46,44.25,91.93,99.64,22.06,20.54,44.91,101.67,100.68,93.58,23.97,30.08,45.04
2022-12-01,89.66,22.35,22.62,98.64,,42.14,8.21,19.38,38.2,52.92,43.08,72.27,75.25,29.88,39.06,21.52,74.8,44.35,94.72,36.21,39.9,21.24,11.56,95.49,38.53,37.15,64.4,68.01,21.51,26.9,37.51,40.73,44.03,22.42,21.41,21.28,21.98,20.01,18.81,17.85,21.67,19.27,19.0,18.31,18.94,18.63,25.26,24.12,23.84,23.89,,21.19,20.82,20.4,20.22,19.86,18.06,18.86,21.28,44.75,66.26,88.67,107.78,19.78,38.79,45.05,44.59,38.92,45.79,45.87,38.81,67.75,42.92,41.24,34.24,95.74,75.06,76.55,22.78,23.73,46.14,98.9,44.24,49.4,42.49,89.73,98.68,74.75,35.05,44.28,91.64,99.74,22.08,20.31,45.11,100.33,98.95,91.12,22.98,29.58,44.58
2023-01-01,92.64,22.84,22.89,100.35,,43.37,8.48,19.8,39.56,54.26,44.53,75.85,78.2,31.19,40.33,22.34,76.9,44.64,97.82,37.65,41.18,21.81,12.75,97.05,39.69,38.51,66.76,69.61,22.12,27.9,38.88,42.75,44.92,22.7,21.83,21.82,22.7,20.74,19.59,18.67,22.69,19.73,19.51,19.06,19.66,19.47,25.56,24.53,24.33,24.5,,21.39,21.13,20.79,20.71,20.37,18.68,19.52,21.98,44.97,70.31,91.85,110.04,20.47,40.52,47.03,47.9,40.36,46.56,49.08,40.12,69.02,43.58,42.62,35.46,100.68,78.34,78.77,23.69,24.83,46.34,101.34,44.52,50.66,44.26,90.02,99.01,75.33,36.01,44.87,92.38,100.41,22.42,21.2,45.24,102.41,105.09,98.09,24.86,30.66,46.52
2023-02-01,90.17,22.59,22.94,99.11,43.86,42.41,8.27,19.53,38.69,53.06,43.33,72.79,76.1,30.31,39.25,21.95,75.08,44.96,95.28,36.82,40.11,21.31,11.96,95.54,38.84,37.87,65.5,69.86,21.97,27.61,38.18,41.29,44.39,22.47,21.45,21.33,22.13,20.11,18.96,18.02,21.79,19.67,19.37,18.71,19.28,19.04,25.13,24.02,23.79,23.89,,21.16,20.78,20.35,20.21,19.84,18.07,18.88,21.29,45.07,69.68,88.85,107.58,20.23,39.23,45.51,45.26,38.18,45.98,46.64,39.05,66.48,43.05,41.51,34.47,96.48,75.72,78.1,23.11,24.13,46.3,99.04,44.66,49.4,42.75,90.35,99.29,74.72,35.64,44.41,91.97,99.16,22.14,20.47,45.41,101.03,100.2,93.33,23.81,30.16,45.02
2023-03-01,92.55,23.12,22.9,100.78,44.56,43.41,8.47,19.84,39.18,54.36,44.51,75.5,77.37,30.44,40.21,22.3,76.81,44.78,98.05,37.79,41.0,21.94,12.62,97.81,39.94,38.52,66.8,69.67,22.4,27.91,38.88,42.46,45.32,22.73,21.87,21.83,22.71,20.78,19.59,18.64,22.63,19.84,19.6,19.03,19.72,19.52,25.56,24.5,24.29,24.45,,21.55,21.27,20.9,20.82,20.5,18.7,19.56,22.1,45.26,69.46,92.16,110.73,20.15,40.31,46.94,47.28,39.98,46.67,48.74,40.01,68.36,43.78,42.59,35.57,100.2,78.16,78.36,23.92,24.84,46.62,101.42,44.78,50.65,44.1,90.73,99.8,75.95,36.14,45.05,93.78,100.42,22.44,21.08,45.59,103.92,105.35,97.85,25.05,30.84,46.27
2023-04-01,93.09,23.11,23.01,101.34,44.82,43.78,8.52,19.94,39.52,54.26,44.75,75.85,77.58,30.23,40.41,22.3,77.23,45.18,98.59,37.94,41.12,22.03,12.66,98.37,39.91,38.77,66.94,69.84,22.35,28.18,38.99,43.33,45.5,22.84,21.99,21.94,22.84,20.89,19.74,18.77,22.75,19.96,19.73,19.08,19.8,19.66,25.41,24.32,24.16,24.33,,21.63,21.38,21.04,20.97,20.64,18.85,19.75,22.26,45.49,68.33,92.91,111.42,20.34,40.64,47.29,47.64,40.18,46.95,49.04,40.23,68.84,43.95,42.8,35.69,100.8,78.26,78.83,23.88,25.15,46.62,101.21,45.03,50.69,44.34,91.04,100.11,76.14,36.25,45.27,93.91,100.22,22.59,21.24,45.8,103.98,105.78,98.18,25.31,30.91,46.63
2023-05-01,92.02,22.85,23.09,100.88,44.34,43.29,8.43,19.83,39.11,53.77,44.24,74.69,76.66,29.77,40.09,22.17,76.7,45.49,97.38,37.35,40.86,21.79,12.12,97.67,39.47,38.57,66.11,69.65,22.05,28.17,38.57,42.27,45.55,22.78,21.85,21.77,22.62,20.69,19.48,18.48,22.46,20.01,19.58,18.88,19.57,19.37,25.25,24.14,23.9,24.02,24.57,21.54,21.27,20.87,20.78,20.43,18.62,19.46,21.95,45.64,69.39,91.57,110.38,20.26,40.1,46.69,46.3,38.96,46.73,47.66,39.81,67.1,43.77,42.33,35.95,99.02,77.48,78.76,23.46,24.98,46.73,100.57,45.2,50.41,43.68,91.43,100.44,75.85,35.96,45.16,93.32,99.68,22.49,20.92,46.0,102.73,103.02,95.22,25.07,30.57,45.96
2023-06-01,91.68,22.93,23.3,100.39,45.2,43.27,8.4,19.97,39.45,54.21,44.02,75.14,78.57,30.89,39.9,22.68,76.77,45.79,97.08,38.04,40.77,21.62,12.28,96.95,40.0,39.26,67.29,71.84,22.56,28.52,39.2,43.28,45.64,22.77,21.81,21.72,22.54,20.61,19.49,18.52,22.48,20.28,19.94,19.22,19.89,19.72,25.4,24.25,24.04,24.14,24.74,21.4,21.06,20.61,20.52,20.17,18.36,19.21,21.68,45.8,73.25,90.42,109.06,20.81,40.31,46.73,47.05,39.36,46.69,48.22,39.75,67.42,43.6,42.32,36.52,99.82,78.01,80.61,23.77,25.31,46.91,101.13,45.36,50.7,43.85,91.86,100.91,75.48,36.55,45.13,93.19,100.2,22.45,21.03,46.21,102.38,102.83,95.43,25.41,31.14,46.2
2023-07-01,91.67,22.99,23.49,100.55,45.81,43.4,8.39,20.1,39.78,54.22,44.01,75.16,79.93,31.6,39.94,22.88,77.26,46.04,96.91,38.63,40.75,21.55,11.75,97.09,40.42,39.94,68.04,72.85,22.94,28.9,39.72,44.1,45.66,22.93,21.94,21.84,22.72,20.76,19.52,18.55,22.56,20.42,20.1,19.43,20.14,19.96,25.41,24.26,24.05,24.15,24.8,21.46,21.1,20.67,20.51,20.13,18.3,19.08,21.52,46.03,75.47,89.83,109.14,21.19,40.49,46.91,46.97,39.42,46.95,47.79,39.75,68.44,43.81,42.31,37.07,99.87,78.24,81.69,23.98,25.49,47.05,101.15,45.61,50.79,43.93,92.23,101.3,75.71,36.95,45.37,93.57,100.27,22.59,21.06,46.41,102.43,100.88,93.0,25.04,31.53,46.34
2023-08-01,91.09,22.79,23.55,100.95,45.17,43.1,8.34,20.05,39.38,53.66,43.75,74.31,78.45,31.07,39.6,22.98,77.28,46.27,96.37,38.49,40.45,21.44,11.17,97.23,40.38,39.93,68.16,73.35,22.86,28.7,39.76,43.51,45.74,22.96,21.96,21.86,22.67,20.7,19.36,18.46,22.37,20.59,20.19,19.47,20.16,19.95,25.42,24.22,23.95,24.0,23.5,21.57,21.18,20.68,20.52,20.11,18.21,18.98,21.36,46.27,72.96,89.17,109.11,21.3,40.19,46.6,46.0,38.65,47.02,46.62,39.54,67.42,43.91,42.06,35.86,98.65,77.65,81.86,23.58,24.92,47.23,100.37,45.86,50.12,43.52,92.68,101.78,76.02,37.08,45.46,93.71,100.24,22.62,20.9,46.63,101.59,98.69,90.08,24.08,31.62,45.96
2023-09-01,88.73,22.38,23.6,100.08,44.04,42.34,8.14,19.68,38.96,52.5,42.63,71.73,75.84,30.46,38.58,22.5,76.27,46.52,94.04,37.75,39.19,20.96,9.76,96.13,39.68,39.31,67.06,73.09,22.6,28.44,39.0,42.41,45.16,22.95,21.88,21.62,22.34,20.33,18.93,17.92,21.7,20.59,20.11,19.29,19.91,19.62,25.26,24.0,23.6,23.54,22.91,21.57,21.09,20.53,20.27,19.76,17.8,18.4,20.69,46.46,71.44,86.37,107.71,21.39,39.18,45.4,43.53,36.96,46.77,43.81,38.39,65.79,43.68,41.05,34.36,95.14,75.71,81.83,22.93,24.55,47.22,97.81,46.03,48.86,42.27,93.08,102.18,75.96,36.76,45.27,93.51,99.5,22.49,20.33,46.83,99.65,92.32,82.92,22.65,31.14,44.8
2023-10-01,87.34,22.16,23.55,99.98,43.5,41.81,8.01,19.48,38.39,51.9,41.97,70.13,74.94,30.25,38.14,22.35,75.82,46.75,92.69,37.52,38.43,20.71,8.88,95.61,39.55,39.16,66.36,72.95,22.48,28.09,38.55,42.49,45.09,23.05,21.89,21.54,22.19,20.13,18.65,17.6,21.25,20.53,20.0,19.1,19.77,19.46,25.33,24.0,23.57,23.46,22.87,21.65,21.13,20.49,20.17,19.58,17.55,18.07,20.29,46.66,68.34,84.7,107.11,21.31,38.49,44.66,41.77,36.54,46.76,41.89,37.65,65.52,43.66,40.4,33.98,92.84,74.5,81.88,22.6,24.04,47.36,96.59,46.25,48.22,41.51,93.49,102.64,76.21,36.52,45.3,93.87,99.88,22.48,19.94,47.04,98.93,88.62,78.39,21.5,30.85,43.99
2023-11-01,91.35,22.87,23.91,101.92,45.85,43.47,8.36,20.33,39.93,54.69,43.85,75.36,79.62,31.96,39.88,23.66,78.71,46.95,96.76,39.45,40.45,21.43,10.32,98.26,41.41,41.12,69.61,75.06,23.37,28.57,40.42,45.19,46.32,23.33,22.33,22.18,23.02,21.05,19.68,18.7,22.67,20.95,20.61,19.86,20.68,20.41,25.71,24.58,24.33,24.38,24.07,21.85,21.42,20.9,20.69,20.22,18.22,18.85,21.18,46.94,71.84,88.56,110.0,22.1,40.79,47.27,46.31,38.89,47.84,46.09,39.56,68.27,44.52,42.25,35.55,99.88,79.04,84.4,23.86,24.44,47.72,102.1,46.88,51.14,43.97,93.92,103.16,77.01,37.83,46.19,94.91,101.8,23.01,21.17,47.25,101.67,95.86,86.17,22.77,32.29,46.57
2023-12-01,94.73,23.55,24.07,103.75,47.77,44.88,8.67,20.99,41.39,55.94,45.48,78.96,83.24,33.31,41.32,24.42,80.95,47.2,100.2,41.02,42.03,22.13,11.66,100.41,42.58,42.36,71.83,76.29,24.03,28.87,41.97,47.27,47.77,23.59,22.69,22.65,23.68,21.74,20.42,19.52,23.71,21.26,20.98,20.37,21.38,21.28,25.87,24.82,24.67,24.85,24.75,22.06,21.72,21.29,21.16,20.75,18.79,19.54,22.02,47.25,76.43,91.9,112.55,22.18,42.5,49.21,49.51,41.09,48.72,49.56,41.18,70.3,45.31,43.81,36.72,104.74,82.28,85.08,24.8,24.68,47.95,104.4,47.52,52.25,45.72,94.33,103.66,77.86,38.69,46.93,95.88,102.64,23.4,22.05,47.42,104.15,102.94,93.65,23.15,33.35,48.47
2024-01-01,94.58,23.55,24.25,103.9,47.46,44.78,8.66,20.96,41.39,55.95,45.37,78.48,82.23,33.17,41.25,24.72,81.16,47.5,99.96,40.85,41.83,22.09,11.06,100.61,42.72,42.66,71.91,76.81,24.06,29.13,42.02,46.18,47.68,23.67,22.74,22.73,23.71,21.72,20.43,19.47,23.61,21.41,21.04,20.48,21.38,21.37,25.84,24.82,24.6,24.74,24.65,22.14,21.8,21.36,21.23,20.83,18.8,19.58,22.0,47.47,75.38,91.97,112.9,22.49,42.49,49.21,49.27,39.73,48.91,48.89,41.07,68.64,45.47,44.01,36.04,104.28,81.99,85.84,24.77,24.8,48.13,104.45,47.73,52.36,45.52,94.74,104.07,78.11,38.87,47.08,96.3,102.43,23.49,21.99,47.63,104.5,101.67,91.55,22.84,33.48,48.4
2024-02-01,93.19,23.33,24.28,103.48,47.8,44.47,8.54,20.87,41.64,55.95,44.75,77.08,82.87,33.96,40.76,24.66,80.59,47.85,98.58,40.9,41.16,21.8,10.77,99.62,42.72,42.61,72.13,78.02,24.23,29.41,42.15,46.34,47.5,23.66,22.66,22.54,23.48,21.46,20.14,19.17,23.21,21.61,21.17,20.5,21.48,21.3,25.86,24.82,24.62,24.76,24.65,22.09,21.65,21.14,20.94,20.51,18.49,19.17,21.57,47.64,76.14,90.05,111.34,22.46,41.94,48.55,47.85,39.3,48.67,47.86,40.46,68.31,45.22,43.23,36.17,102.27,80.92,85.91,24.45,24.75,48.21,104.23,47.65,52.27,44.85,95.17,104.48,77.81,39.06,46.92,96.16,102.46,23.37,21.68,47.86,103.4,99.24,89.49,22.58,33.56,47.75
2024-03-01,94.03,23.58,24.49,103.96,48.55,44.84,8.61,21.09,42.06,55.8,45.12,78.29,84.53,34.7,41.14,25.09,81.33,48.08,99.24,41.34,41.49,21.97,10.85,100.23,43.21,43.28,72.92,78.93,24.56,29.71,42.61,46.35,47.91,23.79,22.79,22.69,23.68,21.67,20.34,19.42,23.51,21.78,21.37,20.66,21.66,21.71,25.88,24.75,24.53,24.63,24.52,22.17,21.72,21.22,21.02,20.61,18.62,19.3,21.73,47.86,77.89,90.71,111.82,22.84,42.47,49.17,48.8,39.4,49.02,48.54,40.9,68.17,45.46,43.62,36.08,103.84,81.98,87.13,24.91,25.12,48.35,104.13,47.84,52.21,45.4,95.56,104.92,78.08,39.42,47.22,96.7,102.29,23.53,21.94,48.06,104.07,100.53,90.19,22.94,33.97,48.34
2024-04-01,91.7,23.18,24.56,102.84,47.63,44.05,8.4,20.73,41.44,55.15,43.98,75.67,82.49,34.24,40.1,24.61,80.45,48.36,97.04,40.8,40.46,21.43,9.76,98.85,42.72,42.91,71.93,79.17,24.4,29.53,42.02,45.69,47.42,23.8,22.71,22.52,23.37,21.32,19.93,18.96,22.92,21.83,21.27,20.48,21.46,21.32,25.86,24.66,24.36,24.44,24.2,22.19,21.6,20.99,20.7,20.21,18.16,18.75,21.06,48.02,75.29,87.87,109.88,22.93,41.42,48.04,46.41,38.05,48.71,46.02,39.81,66.92,45.11,42.59,35.39,100.47,80.02,87.58,24.38,24.45,48.42,103.15,47.64,51.6,44.2,95.98,105.31,77.74,39.1,47.03,96.54,102.28,23.38,21.38,48.31,102.31,95.16,84.37,21.66,33.58,47.17
2024-05-01,93.23,23.6,24.76,103.79,48.74,44.72,8.54,21.11,42.28,54.97,44.74,77.44,84.64,35.12,40.87,24.97,81.64,48.65,98.6,41.61,41.16,21.74,10.12,100.06,43.39,43.62,73.11,80.0,24.75,29.74,42.64,47.02,47.57,23.97,22.89,22.77,23.69,21.63,20.27,19.33,23.4,22.03,21.52,20.72,21.74,21.68,25.93,24.69,24.31,24.28,24.03,22.29,21.77,21.21,20.95,20.48,18.45,19.08,21.47,48.28,76.65,89.45,111.32,23.2,42.29,49.04,47.87,38.68,49.21,47.4,40.61,68.36,45.6,43.36,36.06,102.7,81.61,88.43,24.85,24.72,48.62,102.83,48.01,51.48,45.01,96.44,105.79,78.3,39.55,47.45,97.52,102.08,23.61,21.8,48.53,104.13,97.82,86.8,22.22,34.14,48.12
2024-06-01,94.06,23.72,24.78,104.44,48.72,44.95,8.62,21.2,42.43,55.55,45.12,77.9,84.44,34.88,41.24,24.87,82.21,48.84,99.46,41.58,41.63,21.95,10.38,100.82,43.67,43.86,73.46,79.88,24.85,29.95,42.84,46.37,47.88,24.06,23.0,22.87,23.83,21.79,20.45,19.47,23.57,22.08,21.64,20.82,21.85,21.87,26.03,24.85,24.52,24.53,24.29,22.4,21.9,21.35,21.14,20.69,18.66,19.31,21.73,48.47,77.14,90.54,112.37,22.93,42.53,49.38,48.0,38.39,49.47,47.79,41.07,67.78,45.83,43.7,35.64,103.31,82.03,87.79,24.92,24.92,48.83,103.89,48.3,52.15,45.26,96.83,106.24,78.73,39.78,47.68,98.09,102.65,23.75,21.91,48.72,104.92,99.33,88.38,22.7,34.29,48.35
2024-07-01,96.33,24.06,24.89,106.33,49.89,45.86,8.83,21.55,43.22,56.21,46.21,79.82,86.69,35.85,42.11,25.58,83.84,49.09,101.67,42.59,42.67,22.44,10.86,102.72,44.46,44.82,75.19,80.75,25.27,30.25,44.01,47.65,48.88,24.23,23.27,23.25,24.28,22.27,20.96,19.97,24.17,22.2,21.96,21.2,22.26,22.36,26.2,25.04,24.76,24.81,24.56,22.55,22.14,21.69,21.55,21.14,19.13,19.82,22.34,48.79,78.93,93.16,114.81,22.94,43.58,50.68,49.52,39.69,50.25,49.41,42.04,69.05,46.58,44.72,36.46,106.03,83.81,88.19,25.3,25.42,49.02,105.25,48.94,52.73,46.35,97.26,106.73,79.66,40.52,48.34,98.93,103.54,24.12,22.43,48.92,106.74,102.79,91.59,23.51,35.07,49.51
2024-08-01,97.74,24.3,25.04,107.25,50.89,46.56,8.95,21.86,43.97,56.51,46.87,81.33,88.66,36.53,42.82,26.03,84.99,49.3,103.09,43.42,43.4,22.72,11.25,103.89,45.09,45.46,76.35,81.65,25.56,30.59,44.65,49.02,49.19,24.38,23.51,23.52,24.59,22.6,21.3,20.3,24.59,22.36,22.17,21.42,22.57,22.7,26.3,25.23,24.98,25.08,24.85,22.7,22.36,21.92,21.8,21.39,19.39,20.08,22.66,49.08,80.06,94.41,116.15,23.05,44.27,51.5,50.66,40.82,50.87,50.59,42.83,71.11,47.09,45.38,37.38,108.02,85.16,88.61,25.66,25.74,49.27,105.5,49.39,52.92,47.12,97.72,107.26,80.37,41.07,48.82,99.55,104.26,24.38,22.79,49.12,107.59,104.6,93.52,24.03,35.62,50.33
2024-09-01,99.04,24.62,25.18,108.07,51.84,47.17,9.07,22.21,44.63,57.14,47.51,82.97,90.44,37.37,43.33,26.37,85.95,49.52,104.44,44.18,43.73,22.99,11.51,104.98,45.67,46.2,77.64,82.64,26.01,30.82,45.63,49.88,49.7,24.53,23.71,23.75,24.85,22.87,21.58,20.62,24.98,22.5,22.51,21.73,22.89,22.99,26.34,25.32,25.1,25.27,25.07,22.84,22.52,22.12,22.0,21.62,19.6,20.34,22.96,49.33,82.56,95.72,117.33,23.37,45.1,52.33,52.04,41.58,51.37,51.82,43.39,72.15,47.56,46.0,38.46,110.14,86.54,89.55,26.12,25.99,49.4,106.7,49.81,53.44,47.94,98.13,107.75,80.99,41.65,49.29,100.55,104.8,24.64,23.19,49.31,109.2,106.82,95.39,24.59,36.17,51.2
2024-10-01,96.55,24.17,25.23,106.72,50.74,46.26,8.85,21.86,43.96,56.36,46.29,80.31,88.24,36.99,42.36,26.07,84.97,49.75,101.85,43.59,42.58,22.43,10.67,103.26,45.09,45.78,76.9,83.21,25.89,30.7,45.16,48.86,49.46,24.6,23.63,23.56,24.54,22.48,21.08,20.14,24.35,22.59,22.53,21.66,22.77,22.83,26.34,25.21,24.96,25.02,24.73,22.88,22.41,21.87,21.64,21.15,19.09,19.73,22.21,49.47,82.99,92.48,114.84,23.49,43.99,51.07,49.8,39.91,50.9,49.37,42.17,69.92,47.08,44.91,36.95,106.64,84.59,90.01,25.54,25.34,49.38,105.4,49.55,52.69,46.65,98.53,108.13,80.49,41.46,48.95,100.1,104.32,24.42,22.6,49.51,107.18,101.56,90.19,23.36,35.86,49.94
2024-11-01,97.62,24.4,25.45,107.56,51.36,46.77,8.93,22.14,44.28,57.31,46.79,81.62,89.85,37.76,42.75,26.63,85.89,50.03,102.93,43.86,43.17,22.62,10.91,103.94,45.74,46.63,78.16,84.51,26.31,31.06,45.9,47.89,50.14,24.69,23.74,23.7,24.73,22.68,21.31,20.39,24.7,22.72,22.69,21.92,23.09,23.17,26.44,25.32,25.08,25.19,24.94,22.95,22.47,21.95,21.74,21.28,19.24,19.9,22.42,49.66,88.4,93.42,115.52,23.86,44.61,51.74,51.03,39.92,51.22,50.46,42.66,69.01,47.33,45.43,36.69,108.55,85.84,91.27,25.85,25.53,49.64,107.16,49.81,53.6,47.26,98.92,108.53,80.73,42.03,49.23,100.56,104.81,24.57,22.94,49.73,107.72,103.34,91.98,23.55,36.46,50.67
2024-12-01,95.97,24.03,25.5,106.94,50.41,46.12,8.79,21.87,43.8,56.86,45.99,79.51,87.85,37.29,42.08,26.3,85.84,50.28,101.19,43.42,42.48,22.78,9.77,103.34,45.29,46.22,77.55,84.85,26.23,30.89,45.47,47.01,49.92,24.8,23.82,23.7,24.62,22.53,21.11,20.1,24.28,22.88,22.77,21.88,22.98,23.05,26.48,25.31,24.99,25.03,24.77,23.08,22.58,21.98,21.69,21.13,19.01,19.61,21.99,49.86,84.54,91.31,114.59,23.91,43.82,50.93,48.77,38.42,51.14,48.07,41.98,67.37,47.29,44.74,36.09,105.64,84.23,91.4,25.17,25.32,49.58,105.72,49.93,52.84,46.28,99.3,108.97,80.92,41.85,49.24,100.46,104.87,24.52,22.47,49.95,105.87,98.61,86.12,22.65,36.17,49.71
2025-01-01,96.46,24.28,25.66,107.54,51.16,46.4,8.84,22.03,44.21,56.54,46.28,79.9,89.34,37.96,42.39,26.65,86.5,50.48,101.61,43.96,42.74,22.38,9.72,103.83,45.94,46.73,78.61,85.61,26.64,31.13,46.05,47.31,50.14,24.91,23.92,23.82,24.78,22.68,21.23,20.25,24.38,22.95,22.98,22.12,23.26,23.32,26.56,25.38,25.1,25.12,24.91,23.14,22.64,22.05,21.78,21.24,19.1,19.7,22.13,50.07,87.27,91.87,115.17,24.11,44.04,51.28,48.99,38.59,51.46,48.37,42.21,67.7,47.55,44.98,36.63,106.26,84.77,92.21,25.62,25.59,49.84,105.71,50.2,52.99,46.51,99.66,109.36,81.23,42.4,49.52,101.36,105.34,24.67,22.59,50.16,107.32,99.32,86.54,22.84,36.66,50.0
2025-02-01,98.62,24.79,25.77,108.79,52.18,47.14,9.02,22.43,45.04,57.17,47.28,81.84,91.24,38.49,43.18,26.86,87.22,50.69,103.91,44.46,43.74,22.87,10.55,105.3,46.32,47.28,79.37,85.72,26.89,31.29,46.52,47.84,50.43,24.98,24.04,23.98,25.06,22.96,21.56,20.63,24.88,23.11,23.16,22.31,23.45,23.5,26.65,25.47,25.23,25.28,25.15,23.22,22.77,22.25,22.05,21.57,19.48,20.15,22.71,50.3,85.98,94.44,117.15,24.11,44.94,52.3,50.77,38.86,51.97,50.39,43.15,68.21,48.01,45.93,37.06,108.78,86.17,92.09,26.06,25.92,50.11,107.12,50.51,53.65,47.49,99.99,109.71,81.83,42.76,49.9,102.61,105.7,24.88,23.05,50.32,109.64,103.91,91.47,23.69,37.03,51.04
2025-03-01,98.59,24.9,25.75,109.08,51.82,47.19,9.03,22.33,44.98,56.14,47.32,81.43,90.19,38.01,43.18,26.65,87.26,50.84,103.82,44.34,43.75,22.91,10.23,105.71,45.97,46.81,78.51,84.69,26.76,31.1,46.07,49.23,49.99,25.06,24.12,24.09,25.16,23.04,21.63,20.66,24.89,23.13,23.09,22.2,23.23,23.09,26.7,25.51,25.23,25.24,24.93,23.29,22.86,22.34,22.17,21.7,19.6,20.26,22.81,50.5,83.46,94.76,117.79,23.88,44.82,52.32,50.01,39.42,52.18,49.8,43.24,70.38,48.18,45.92,37.46,108.27,85.66,91.79,26.09,26.01,50.12,105.16,50.67,52.52,47.36,100.32,110.08,82.19,42.26,50.11,102.72,105.39,24.9,22.98,50.48,110.38,103.38,90.37,23.8,36.6,50.89
2025-04-01,98.7,24.77,25.64,109.57,51.7,47.09,9.07,22.23,44.54,55.8,47.3,81.19,89.56,37.7,43.25,26.13,87.23,50.71,103.98,44.82,43.76,23.02,9.83,106.26,45.63,46.09,78.2,83.69,26.61,30.52,45.94,51.77,50.82,25.07,24.13,24.14,25.26,23.13,21.74,20.74,24.88,23.17,23.0,22.17,23.16,22.95,26.67,25.49,25.14,25.1,24.87,23.29,22.89,22.5,22.37,21.92,19.82,20.48,23.0,50.5,84.61,95.76,119.05,23.35,44.51,52.29,49.02,41.92,52.3,49.0,43.31,74.04,48.42,45.89,38.69,107.55,85.18,90.26,25.74,25.45,49.98,104.45,50.98,52.21,47.25,100.36,110.09,82.86,42.06,50.24,102.98,105.36,24.97,22.85,50.45,109.99,102.28,89.14,23.27,36.4,50.62
2025-05-01,98.1,24.61,25.85,109.11,52.18,47.17,8.97,22.33,44.93,55.67,47.0,80.78,90.6,38.23,43.09,26.58,87.88,50.97,103.23,45.41,43.38,22.76,9.27,106.0,46.35,46.88,79.57,85.76,27.04,30.68,46.75,52.92,50.86,25.16,24.21,24.2,25.31,23.19,21.79,20.78,24.98,23.21,23.18,22.44,23.56,23.39,26.76,25.57,25.27,25.27,25.03,23.36,22.89,22.44,22.27,21.78,19.66,20.28,22.77,50.67,87.04,94.57,118.19,23.9,44.79,52.51,49.0,41.76,52.45,48.34,43.04,74.34,48.4,45.7,39.16,107.77,85.48,92.09,25.95,25.69,50.2,103.85,50.89,52.0,47.22,100.71,110.44,82.65,42.7,50.36,102.71,105.95,25.04,22.9,50.66,109.29,99.7,86.28,22.86,37.03,50.74
2025-06-01,97.4,24.51,25.81,108.65,52.08,47.0,8.94,22.23,44.76,55.36,46.7,80.75,90.66,38.17,42.82,26.59,87.44,50.84,102.69,45.34,43.12,22.61,9.17,105.41,46.31,46.66,79.34,85.88,26.98,30.41,46.7,53.35,50.85,25.1,24.15,24.11,25.17,23.04,21.64,20.62,24.8,23.17,23.01,22.34,23.47,23.27,26.73,25.55,25.26,25.27,25.06,23.31,22.82,22.33,22.13,21.63,19.5,20.11,22.55,50.52,88.58,93.68,117.25,24.01,44.56,52.19,48.82,41.93,52.18,48.04,42.76,74.67,48.15,45.41,39.43,107.24,85.23,92.28,25.79,25.3,50.08,103.47,50.71,51.89,46.95,100.45,110.16,82.27,42.53,50.16,102.08,105.9,24.9,22.8,50.53,108.22,98.75,85.44,22.48,36.92,50.51
